"Nombre De La Escuela",Turno,Delegación,Colonia,Sostenimiento,Modalidad,"Total De Alumnos","Alumnos Evaluados","Comunicación: Insuficiente","Comunicación: Elemental","Comunicación: Bueno","Comunicación: Excelente","Matemáticas: Insuficiente","Matemáticas: Elemental","Matemáticas: Bueno","Matemáticas: Excelente"
IZTACALCO,VESPERTINO,IZTACALCO,"UNIDAD HABITACIONAL INFONAVIT",PUBLICO,"BACHILLERATO GENERAL",492,355," 17.0"," 43.4"," 39.4","  0.3"," 23.9"," 58.0"," 15.6","  2.6"
CUAJIMALPA,MATUTINO,"CUAJIMALPA DE MORELOS","EL MOLINITO",PUBLICO,"BACHILLERATO GENERAL",341,307," 11.6"," 39.8"," 47.6","  1.0"," 28.5"," 51.5"," 17.0","  3.0"
CUAJIMALPA,VESPERTINO,"CUAJIMALPA DE MORELOS","EL MOLINITO",PUBLICO,"BACHILLERATO GENERAL",215,145," 27.2"," 47.8"," 24.3","  0.7"," 33.1"," 53.1","  9.7","  4.1"
ARAGON,MATUTINO,"GUSTAVO A. MADERO","UNIDAD SAN JUAN DE ARAGON 6A SECCIO",PUBLICO,"BACHILLERATO GENERAL",639,488," 11.9"," 42.1"," 45.0","  1.0"," 29.1"," 55.5"," 12.4","  3.1"
ARAGON,VESPERTINO,"GUSTAVO A. MADERO","UNIDAD SAN JUAN DE ARAGON 6A SECCIO",PUBLICO,"BACHILLERATO GENERAL",302,143," 23.4"," 47.9"," 28.7","  0.0"," 46.0"," 49.6","  2.9","  1.5"
"NUEVA ATZACOALCO",MATUTINO,"GUSTAVO A. MADERO","GABRIEL HERNANDEZ",PUBLICO,"BACHILLERATO GENERAL",339,291," 15.8"," 38.8"," 42.1","  3.3"," 42.7"," 43.4"," 11.7","  2.1"
"NUEVA ATZACOALCO",VESPERTINO,"GUSTAVO A. MADERO","GABRIEL HERNANDEZ",PUBLICO,"BACHILLERATO GENERAL",240,168," 19.0"," 51.0"," 29.4","  0.7"," 45.1"," 46.3","  7.4","  1.2"
"XOCHIMILCO TEPEPAN QUIRINO MENDOZA CARDENAS",VESPERTINO,XOCHIMILCO,"TEPEPAN AMPLIACION",PUBLICO,"BACHILLERATO GENERAL",387,278," 12.3"," 37.9"," 44.2","  5.6"," 21.3"," 57.7"," 19.1","  1.8"
"MILPA ALTA FIDENCIO VILLANUEVA ROJAS",VESPERTINO,"MILPA ALTA","VILLA MILPA ALTA CENTRO",PUBLICO,"BACHILLERATO GENERAL",173,131," 10.8"," 50.8"," 36.9","  1.5"," 27.7"," 61.5","  9.2","  1.5"
"TLAHUAC MANUEL CHAVARRIA CHAVARRIA",VESPERTINO,TLAHUAC,"SAN FRANCISCO TLALTENCO",PUBLICO,"BACHILLERATO GENERAL",236,205," 22.6"," 39.2"," 36.7","  1.5"," 36.5"," 53.2","  9.4","  1.0"
"HUAYAMIPAS PEDREGAL",VESPERTINO,COYOACAN,"AJUSCO HUAYAMILPAS",PUBLICO,"BACHILLERATO GENERAL",206,95," 12.9"," 31.8"," 54.1","  1.2"," 30.9"," 48.9"," 17.0","  3.2"
"TLILHUACA AZCAPOTZALCO",MATUTINO,AZCAPOTZALCO,"SAN JUAN TLIHUACA",PUBLICO,"BACHILLERATO GENERAL",438,376,"  9.2"," 39.6"," 49.3","  1.9"," 35.7"," 49.6"," 12.5","  2.1"
"TLILHUACA AZCAPOTZALCO",VESPERTINO,AZCAPOTZALCO,"SAN JUAN TLIHUACA",PUBLICO,"BACHILLERATO GENERAL",193,169," 23.0"," 42.4"," 33.3","  1.2"," 52.1"," 40.8","  5.9","  1.2"
"DEL VALLE MATIAS ROMERO",MATUTINO,"BENITO JUAREZ","DEL VALLE",PUBLICO,"BACHILLERATO GENERAL",381,310,"  3.4"," 21.5"," 67.8","  7.4"," 14.2"," 41.4"," 34.8","  9.6"
"DEL VALLE MATIAS ROMERO",VESPERTINO,"BENITO JUAREZ","DEL VALLE",PUBLICO,"BACHILLERATO GENERAL",223,135,"  9.4"," 27.3"," 60.2","  3.1"," 19.7"," 50.8"," 22.0","  7.6"
"IGNACIO M. ALTAMIRANO",MATUTINO,"MIGUEL HIDALGO",ESCANDON,PRIVADO,"BACHILLERATO GENERAL",10,9," 11.1"," 22.2"," 66.7","  0.0"," 66.7"," 33.3","  0.0","  0.0"
"INSTITUTO CULTURAL FRANCES A.C.",MATUTINO,"MIGUEL HIDALGO",PERIODISTA,PRIVADO,"BACHILLERATO GENERAL",23,22,"  4.8"," 33.3"," 61.9","  0.0"," 40.9"," 36.4"," 18.2","  4.5"
"INSTITUTO COBRE DE MEXICO",MATUTINO,AZCAPOTZALCO,"OBRERO POPULAR",PRIVADO,"BACHILLERATO GENERAL",19,18,"  5.9"," 41.2"," 47.1","  5.9"," 33.3"," 33.3"," 27.8","  5.6"
"OSCAR GONZALEZ BLAKALLER",MATUTINO,"GUSTAVO A. MADERO","SAN BARTOLO ATEPEHUACAN",PRIVADO,"BACHILLERATO GENERAL",10,10," 10.0"," 10.0"," 70.0"," 10.0"," 30.0"," 40.0"," 20.0"," 10.0"
"INSTITUTO PEDAGOGICO IBEROAMERICANO",MATUTINO,IZTAPALAPA,"GRANJAS ESMERALDA",PRIVADO,"BACHILLERATO GENERAL",13,13,"  0.0"," 23.1"," 53.8"," 23.1","  7.7","  0.0"," 61.5"," 30.8"
"ANGEL DE CAMPO",MATUTINO,IZTAPALAPA,"SAN SEBASTIAN TECOLOXTITLAN",PRIVADO,"BACHILLERATO GENERAL",9,7,"  0.0","  0.0",100.0,"  0.0","  0.0"," 42.9"," 28.6"," 28.6"
"COLEGIO BOSQUES CONTADERO",MATUTINO,"CUAJIMALPA DE MORELOS",CUAJIMALPA,PRIVADO,"BACHILLERATO GENERAL",7,7," 28.6"," 42.9"," 14.3"," 14.3"," 57.1"," 28.6"," 14.3","  0.0"
"SOR JUANA INES DE LA CRUZ",MATUTINO,CUAUHTEMOC,CONDESA,PRIVADO,"BACHILLERATO GENERAL",7,5," 40.0"," 40.0"," 20.0","  0.0"," 20.0","  0.0"," 80.0","  0.0"
"CONALEP ARAGON",MATUTINO,"GUSTAVO A. MADERO","UNIDAD SAN JUAN DE ARAGON",PUBLICO,"TECNICO PROFESIONAL",263,233," 11.2"," 41.1"," 45.1","  2.7"," 31.7"," 43.2"," 16.7","  8.4"
"CONALEP ARAGON",VESPERTINO,"GUSTAVO A. MADERO","UNIDAD SAN JUAN DE ARAGON",PUBLICO,"TECNICO PROFESIONAL",221,191," 22.6"," 46.2"," 30.6","  0.5"," 54.7"," 41.6","  3.7","  0.0"
"CONALEP TICOMAN",VESPERTINO,"GUSTAVO A. MADERO","GUSTAVO A. MADERO",PUBLICO,"TECNICO PROFESIONAL",164,142," 30.5"," 48.9"," 20.6","  0.0"," 55.7"," 35.0","  9.3","  0.0"
"CONALEP XOCHIMILCO",VESPERTINO,XOCHIMILCO,TEPEPAN,PUBLICO,"TECNICO PROFESIONAL",214,180," 30.5"," 52.5"," 16.4","  0.6"," 54.7"," 35.8","  6.7","  2.8"
"CONALEP IZTAPALAPA I",MATUTINO,IZTAPALAPA,IZTAPALAPA,PUBLICO,"TECNICO PROFESIONAL",145,119," 25.2"," 54.1"," 20.7","  0.0"," 52.6"," 41.2","  3.5","  2.6"
"CONALEP IZTAPALAPA I",VESPERTINO,IZTAPALAPA,IZTAPALAPA,PUBLICO,"TECNICO PROFESIONAL",149,69," 25.0"," 54.7"," 20.3","  0.0"," 61.9"," 28.6","  7.9","  1.6"
"CONALEP AZTAHUACAN",MATUTINO,IZTAPALAPA,"SANTA MARIA AZTAHUACAN",PUBLICO,"TECNICO PROFESIONAL",349,317," 33.0"," 47.9"," 18.4","  0.6"," 62.3"," 30.4","  6.4","  1.0"
"CONALEP AZTAHUACAN",VESPERTINO,IZTAPALAPA,"SANTA MARIA AZTAHUACAN",PUBLICO,"TECNICO PROFESIONAL",201,171," 41.5"," 41.5"," 15.8","  1.2"," 74.7"," 20.6","  4.1","  0.6"
"CONALEP VENUSTIANO CARRANZA I",MATUTINO,"VENUSTIANO CARRANZA","ARTES GRAFICAS",PUBLICO,"TECNICO PROFESIONAL",262,218," 35.6"," 40.7"," 23.1","  0.5"," 45.2"," 44.7","  7.4","  2.8"
"CONALEP AZCAPOTZALCO",MATUTINO,AZCAPOTZALCO,"SANTA CATARINA",PUBLICO,"TECNICO PROFESIONAL",308,257," 28.2"," 49.6"," 21.4","  0.8"," 47.8"," 44.7","  7.5","  0.0"
"CONALEP AZCAPOTZALCO",VESPERTINO,AZCAPOTZALCO,"SANTA CATARINA",PUBLICO,"TECNICO PROFESIONAL",87,72," 43.1"," 41.7"," 15.3","  0.0"," 66.7"," 27.8","  5.6","  0.0"
"CONALEP AEROPUERTO",VESPERTINO,"VENUSTIANO CARRANZA","ARENAL 3A SECCION",PUBLICO,"TECNICO PROFESIONAL",140,93," 27.6"," 56.3"," 16.1","  0.0"," 44.6"," 44.6","  9.8","  1.1"
"CONALEP SANTA FE",MATUTINO,"CUAJIMALPA DE MORELOS","LAS TINAJAS",PUBLICO,"TECNICO PROFESIONAL",125,112," 21.9"," 42.9"," 33.3","  1.9"," 43.1"," 45.9","  9.2","  1.8"
"CONALEP SANTA FE",VESPERTINO,"CUAJIMALPA DE MORELOS","LAS TINAJAS",PUBLICO,"TECNICO PROFESIONAL",232,187," 35.9"," 46.4"," 17.7","  0.0"," 63.4"," 31.1","  4.9","  0.5"
"CONALEP COMERCIO Y FOMENTO INDUSTRIAL",MATUTINO,"LA MAGDALENA CONTRERAS",HUAYATLA,PUBLICO,"TECNICO PROFESIONAL",217,200," 46.2"," 40.1"," 13.7","  0.0"," 52.3"," 40.7","  6.0","  1.0"
"CONALEP COMERCIO Y FOMENTO INDUSTRIAL",VESPERTINO,"LA MAGDALENA CONTRERAS",HUAYATLA,PUBLICO,"TECNICO PROFESIONAL",154,123," 31.4"," 43.0"," 25.6","  0.0"," 61.5"," 34.4","  2.5","  1.6"
"CONALEP GUSTAVO A. MADERO I",MATUTINO,"GUSTAVO A. MADERO","CUAUTEPEC BARRIO BAJO",PUBLICO,"TECNICO PROFESIONAL",235,181," 23.7"," 45.7"," 28.3","  2.3"," 57.9"," 31.5","  9.0","  1.7"
"CONALEP GUSTAVO A. MADERO I",VESPERTINO,"GUSTAVO A. MADERO","CUAUTEPEC BARRIO BAJO",PUBLICO,"TECNICO PROFESIONAL",144,109," 42.6"," 45.4"," 12.0","  0.0"," 63.9"," 29.6","  5.6","  0.9"
"CONALEP IZTAPALAPA II",MATUTINO,IZTAPALAPA,TEPALCATES,PUBLICO,"TECNICO PROFESIONAL",225,195," 22.3"," 37.0"," 40.2","  0.5"," 38.5"," 41.7"," 16.6","  3.2"
"CONALEP IZTAPALAPA II",VESPERTINO,IZTAPALAPA,TEPALCATES,PUBLICO,"TECNICO PROFESIONAL",172,138," 19.1"," 39.7"," 38.2","  2.9"," 42.3"," 45.4"," 10.8","  1.5"
"CONALEP TLALPAN I",MATUTINO,TLALPAN,"TORIELLO GUERRA",PUBLICO,"TECNICO PROFESIONAL",294,224," 27.2"," 30.7"," 38.6","  3.5"," 37.7"," 46.1"," 11.3","  4.9"
"CONALEP MILPA ALTA",MATUTINO,"MILPA ALTA","SAN PABLO OZTOTEPEC",PUBLICO,"TECNICO PROFESIONAL",243,201," 20.4"," 47.8"," 31.2","  0.5"," 55.9"," 39.9","  4.3","  0.0"
"CONALEP IZTACALCO I",MATUTINO,IZTACALCO,"AGRICOLA PANTITLAN",PUBLICO,"TECNICO PROFESIONAL",243,214," 28.8"," 48.1"," 23.1","  0.0"," 48.8"," 38.4"," 10.9","  1.9"
"CONALEP IZTACALCO I",VESPERTINO,IZTACALCO,"AGRICOLA PANTITLAN",PUBLICO,"TECNICO PROFESIONAL",206,178," 52.1"," 33.7"," 14.2","  0.0"," 60.3"," 33.3","  4.0","  2.3"
"CONALEP IZTAPALAPA III",MATUTINO,IZTAPALAPA,"SAN JUAN XALPA",PUBLICO,"TECNICO PROFESIONAL",287,255," 27.6"," 44.0"," 28.4","  0.0"," 56.5"," 36.9","  5.1","  1.6"
"CONALEP IZTAPALAPA III",VESPERTINO,IZTAPALAPA,"SAN JUAN XALPA",PUBLICO,"TECNICO PROFESIONAL",180,157," 39.2"," 43.1"," 17.6","  0.0"," 65.6"," 27.4","  5.1","  1.9"
"CONALEP VENUSTIANO CARRANZA II",MATUTINO,"VENUSTIANO CARRANZA","ARENAL 3A SECCION",PUBLICO,"TECNICO PROFESIONAL",172,148," 12.3"," 37.7"," 50.0","  0.0"," 28.3"," 48.3"," 17.9","  5.5"
"CONALEP VENUSTIANO CARRANZA II",VESPERTINO,"VENUSTIANO CARRANZA","ARENAL 3A SECCION",PUBLICO,"TECNICO PROFESIONAL",155,139," 24.8"," 35.8"," 38.7","  0.7"," 43.1"," 43.1"," 11.7","  2.2"
"CONALEP IZTAPALAPA IV",VESPERTINO,IZTAPALAPA,"EL MOLINO  IZTAPALAPA",PUBLICO,"TECNICO PROFESIONAL",163,141," 22.1"," 53.6"," 22.1","  2.1"," 45.9"," 40.7"," 10.4","  3.0"
"CONALEP TLAHUAC",MATUTINO,TLAHUAC,"SELENE AMPLIACION",PUBLICO,"TECNICO PROFESIONAL",238,209," 21.7"," 42.9"," 35.0","  0.5"," 29.8"," 47.1"," 16.8","  6.3"
"CONALEP GUSTAVO A. MADERO II",MATUTINO,"GUSTAVO A. MADERO","NUEVA ATZACOALCO",PUBLICO,"TECNICO PROFESIONAL",245,220," 14.9"," 44.2"," 40.9","  0.0"," 25.6"," 47.5"," 20.1","  6.8"
"CENTRO DE ESTUDIOS DE BACHILLERATO 4/2 LIC. JESUS REYES HEROLES",MATUTINO,"ALVARO OBREGON","ALVARO OBREGON",PUBLICO,"BACHILLERATO GENERAL",289,255,"  5.2"," 25.5"," 64.9","  4.4"," 14.6"," 46.1"," 28.0"," 11.4"
"CENTRO DE ESTUDIOS DE BACHILLERATO 4/2 LIC. JESUS REYES HEROLES",VESPERTINO,"ALVARO OBREGON","ALVARO OBREGON",PUBLICO,"BACHILLERATO GENERAL",307,277," 14.7"," 47.6"," 37.4","  0.4"," 19.5"," 50.4"," 25.0","  5.1"
"INSTITUTO MORELOS",MATUTINO,"MIGUEL HIDALGO",TACUBA,PRIVADO,"BACHILLERATO GENERAL",20,20," 35.0"," 30.0"," 20.0"," 15.0"," 30.0"," 45.0"," 15.0"," 10.0"
"INSTITUTO ANGLO ESPANOL",MATUTINO,CUAUHTEMOC,"SAN RAFAEL",PRIVADO,"BACHILLERATO GENERAL",22,20," 15.0"," 15.0"," 55.0"," 15.0"," 20.0"," 40.0"," 15.0"," 25.0"
"INSTITUTO ANGLO ESPANOL",VESPERTINO,CUAUHTEMOC,"SAN RAFAEL",PRIVADO,"BACHILLERATO GENERAL",11,10,"  0.0"," 40.0"," 60.0","  0.0"," 30.0"," 30.0"," 30.0"," 10.0"
"COLEGIO MAKARENKO",MATUTINO,"GUSTAVO A. MADERO",INDUSTRIAL,PRIVADO,"BACHILLERATO GENERAL",108,92," 13.0"," 44.6"," 34.8","  7.6"," 29.3"," 47.8"," 18.5","  4.3"
"BERTA VON GLUMER",MATUTINO,CUAUHTEMOC,"ROMA NORTE",PRIVADO,"BACHILLERATO GENERAL",8,7," 14.3"," 14.3"," 42.9"," 28.6"," 14.3"," 28.6"," 42.9"," 14.3"
"AMADO NERVO",MATUTINO,"BENITO JUAREZ","SAN PEDRO DE LOS PINOS",PRIVADO,"BACHILLERATO GENERAL",9,9," 33.3"," 33.3"," 11.1"," 22.2"," 55.6"," 22.2"," 22.2","  0.0"
"ACADEMIA MODERNA",MATUTINO,COYOACAN,"PARQUE SAN ANDRES",PRIVADO,"BACHILLERATO GENERAL",16,16,"  6.7"," 53.3"," 33.3","  6.7"," 20.0"," 46.7"," 13.3"," 20.0"
"COLEGIO FRANCES JUANA DE ARCO SECCION BACHILLERATO",MATUTINO,"GUSTAVO A. MADERO","VILLA DE GUADALUPE",PRIVADO,"BACHILLERATO GENERAL",16,16," 18.8"," 25.0"," 56.3","  0.0"," 25.0"," 37.5"," 37.5","  0.0"
"INSTITUTO ESCUELA SUR",MATUTINO,TLALPAN,"MIGUEL HIDALGO",PRIVADO,"BACHILLERATO GENERAL",19,18," 20.0"," 13.3"," 60.0","  6.7","  5.6"," 33.3"," 33.3"," 27.8"
"COLEGIO LESTONNAC",MATUTINO,TLALPAN,"GRANJAS COAPA",PRIVADO,"BACHILLERATO GENERAL",19,17,"  0.0"," 17.6"," 58.8"," 23.5"," 11.8"," 47.1"," 17.6"," 23.5"
"NUEVA ESCUELA JUSTO SIERRA",MATUTINO,"GUSTAVO A. MADERO",LINDAVISTA,PRIVADO,"BACHILLERATO GENERAL",72,66," 21.3"," 29.5"," 44.3","  4.9"," 35.4"," 47.7"," 10.8","  6.2"
"ESCUELA CRISTOBAL COLON",MATUTINO,"GUSTAVO A. MADERO","LA ESCALERA",PRIVADO,"BACHILLERATO GENERAL",188,186," 18.9"," 23.3"," 49.4","  8.3","  6.5"," 30.1"," 32.8"," 30.6"
REIMS,MATUTINO,TLALPAN,"RINCONADA COAPA 1A SECCION",PRIVADO,"BACHILLERATO GENERAL",18,18," 11.1"," 22.2"," 66.7","  0.0"," 16.7"," 33.3"," 38.9"," 11.1"
"PREPARATORIA MIER Y PESADO",MATUTINO,COYOACAN,"DEL CARMEN",PRIVADO,"BACHILLERATO GENERAL",130,121,"  7.0"," 32.2"," 58.3","  2.6"," 14.2"," 41.7"," 31.7"," 12.5"
"COLEGIO BILBAO",MATUTINO,"CUAJIMALPA DE MORELOS","SAN MATEO TLALTENANGO",PRIVADO,"BACHILLERATO GENERAL",22,21,"  0.0"," 45.0"," 40.0"," 15.0"," 10.0"," 35.0"," 20.0"," 35.0"
"UNIVERSIDAD TECNOLOGICA DE MEXICO",MATUTINO,"MIGUEL HIDALGO","ANAHUAC I",PRIVADO,"BACHILLERATO GENERAL",265,153,"  8.7"," 32.7"," 53.3","  5.3"," 24.0"," 32.0"," 26.7"," 17.3"
"NARCISO BASSOLS",MATUTINO,IZTAPALAPA,"SANTA MARIA AZTAHUACAN",PRIVADO,"BACHILLERATO GENERAL",27,24," 29.2"," 41.7"," 29.2","  0.0"," 62.5"," 33.3","  4.2","  0.0"
"COLEGIO FRAY GARCIA CISNEROS",MATUTINO,"GUSTAVO A. MADERO",LINDAVISTA,PRIVADO,"BACHILLERATO GENERAL",16,11,"  9.1"," 36.4"," 54.5","  0.0","  9.1"," 54.5"," 27.3","  9.1"
"CENTRO CULTURAL UNIVERSITARIO JUSTO SIERRA",MATUTINO,"GUSTAVO A. MADERO","LA LAGUNA TICOMAN",PRIVADO,"BACHILLERATO GENERAL",44,41,"  4.9"," 41.5"," 46.3","  7.3"," 29.3"," 36.6"," 19.5"," 14.6"
"UNIVERSIDAD ANAHUAC, BACHILLERATO COLEGIO OXFORD",MATUTINO,"ALVARO OBREGON","OLIVAR DE LOS PADRES",PRIVADO,"BACHILLERATO GENERAL",53,48,"  0.0","  4.3"," 48.9"," 46.8","  0.0"," 17.0"," 42.6"," 40.4"
"UNIVERSIDAD ANAHUAC, BACHILLERATO CUMBRES",MATUTINO,"CUAJIMALPA DE MORELOS","LOMAS DE VISTA HERMOSA",PRIVADO,"BACHILLERATO GENERAL",104,91," 10.1"," 21.3"," 53.9"," 14.6","  5.5"," 19.8"," 31.9"," 42.9"
"UNIVERSIDAD ANAHUAC, BACHILLERATO ROSEDAL",MATUTINO,"CUAJIMALPA DE MORELOS","LOMAS DE VISTA HERMOSA",PRIVADO,"BACHILLERATO GENERAL",47,45,"  2.2","  2.2"," 73.3"," 22.2","  4.4"," 22.2"," 51.1"," 22.2"
"UNIVERSIDAD ANAHUAC, BACHILLERATO GODWIN",MATUTINO,TLALPAN,"TORIELLO GUERRA",PRIVADO,"BACHILLERATO GENERAL",26,25,"  0.0","  4.0"," 36.0"," 60.0","  0.0"," 20.0"," 28.0"," 52.0"
"UNIVERSIDAD ANAHUAC, BACHILLERATO DEL BOSQUE MEXICO",MATUTINO,"MIGUEL HIDALGO","MIGUEL HIDALGO",PRIVADO,"BACHILLERATO GENERAL",59,57,"  1.9"," 16.7"," 66.7"," 14.8","  0.0","  8.9"," 30.4"," 60.7"
"COLEGIO MARIE CURIE",MATUTINO,"GUSTAVO A. MADERO","GUSTAVO A. MADERO",PRIVADO,"BACHILLERATO GENERAL",13,13," 23.1"," 38.5"," 38.5","  0.0"," 23.1"," 69.2","  0.0","  7.7"
"INSTITUTO CULTURAL DERECHOS HUMANOS",MATUTINO,IZTAPALAPA,"SANTA MARTHA ACATITLA AMPLIACION",PRIVADO,"BACHILLERATO GENERAL",15,15," 50.0"," 50.0","  0.0","  0.0"," 66.7"," 33.3","  0.0","  0.0"
"COLEGIO QUIRINO MENDOZA CORTES",MATUTINO,XOCHIMILCO,"SANTIAGO TULYEHUALCO",PRIVADO,"BACHILLERATO GENERAL",29,24,"  0.0"," 31.8"," 63.6","  4.5"," 25.0"," 41.7"," 33.3","  0.0"
"INSTITUTO MODERNO DE ESTUDIOS CONTABLES Y COMERCIALES",MATUTINO,"GUSTAVO A. MADERO","SANTA ISABEL TOLA",PRIVADO,"BACHILLERATO GENERAL",45,31," 20.0"," 40.0"," 40.0","  0.0"," 38.7"," 58.1","  3.2","  0.0"
"COLEGIO AMAUTA",MATUTINO,"GUSTAVO A. MADERO","VILLA DE ARAGON",PRIVADO,"BACHILLERATO GENERAL",26,22," 10.5"," 36.8"," 52.6","  0.0"," 38.1"," 47.6","  9.5","  4.8"
"JOSE MARIA MORELOS Y PAVON",MATUTINO,IZTAPALAPA,"GRANJAS ESTRELLA",PRIVADO,"BACHILLERATO GENERAL",35,33," 12.1"," 24.2"," 54.5","  9.1"," 21.2"," 54.5"," 12.1"," 12.1"
"COLEGIO BRITANIA",MATUTINO,"ALVARO OBREGON","COLINAS DEL SUR",PRIVADO,"BACHILLERATO GENERAL",17,16," 28.6"," 28.6"," 28.6"," 14.3"," 43.8"," 50.0","  6.3","  0.0"
"PREPARATORIA SIMON BOLIVAR DEL PEDREGAL",MATUTINO,"ALVARO OBREGON","JARDINES DEL PEDREGAL",PRIVADO,"BACHILLERATO GENERAL",21,19," 22.2"," 38.9"," 27.8"," 11.1"," 31.6"," 42.1"," 10.5"," 15.8"
"PREPARATORIA POPULAR MARTIRES DE TLATELOLCO",MATUTINO,CUAUHTEMOC,CUAUHTEMOC,PRIVADO,"BACHILLERATO GENERAL",65,40," 45.9"," 40.5"," 13.5","  0.0"," 46.2"," 48.7","  2.6","  2.6"
"INSTITUTO CULTURAL ALFREDO HERRERA NAVA",MATUTINO,"GUSTAVO A. MADERO","GUSTAVO A. MADERO",PRIVADO,"BACHILLERATO GENERAL",6,4,"  0.0"," 50.0"," 50.0","  0.0"," 50.0"," 25.0"," 25.0","  0.0"
"DIEGO RIVERA",MATUTINO,"ALVARO OBREGON","CORPUS CHRISTI",PRIVADO,"BACHILLERATO GENERAL",24,22," 19.0"," 61.9"," 19.0","  0.0"," 45.5"," 54.5","  0.0","  0.0"
"RAFAEL GUIZAR Y VALENCIA",MATUTINO,TLAHUAC,TLAHUAC,PRIVADO,"BACHILLERATO GENERAL",100,42," 13.9"," 33.3"," 47.2","  5.6"," 25.6"," 38.5"," 30.8","  5.1"
"INSTITUTO DOMINGO SAVIO",MATUTINO,"MIGUEL HIDALGO","ARGENTINA PONIENTE",PRIVADO,"BACHILLERATO GENERAL",40,37," 14.3"," 31.4"," 51.4","  2.9"," 32.4"," 52.9","  8.8","  5.9"
"CENTRO ESCOLAR LANCASTER",MATUTINO,AZCAPOTZALCO,"LA PROVIDENCIA",PRIVADO,"BACHILLERATO GENERAL",11,9,"  0.0"," 44.4"," 33.3"," 22.2"," 33.3"," 22.2"," 11.1"," 33.3"
"LICEO EUROPEO",MATUTINO,"VENUSTIANO CARRANZA","VALENTIN GOMEZ FARIAS",PRIVADO,"BACHILLERATO GENERAL",69,62," 50.0"," 31.0"," 13.8","  5.2"," 56.7"," 30.0"," 11.7","  1.7"
"PREPARATORIA FREINET",MATUTINO,TLAHUAC,"SAN MATEO",PRIVADO,"BACHILLERATO GENERAL",8,8," 42.9"," 28.6"," 28.6","  0.0"," 50.0"," 50.0","  0.0","  0.0"
"UNIVERSIDAD ANAHUAC, BACHILLERATO INSTITUTO OXFORD",MATUTINO,"ALVARO OBREGON","OLIVAR DE LOS PADRES",PRIVADO,"BACHILLERATO GENERAL",60,58," 18.9"," 34.0"," 35.8"," 11.3","  5.4"," 33.9"," 32.1"," 28.6"
"PREPARATORIA EDUARDO JENNER",VESPERTINO,"GUSTAVO A. MADERO","SAN FELIPE DE JESUS",PRIVADO,"BACHILLERATO GENERAL",19,17," 17.6"," 41.2"," 41.2","  0.0"," 52.9"," 29.4"," 11.8","  5.9"
"INSTITUTO ABERDEEN",MATUTINO,CUAUHTEMOC,HIPODROMO,PRIVADO,"BACHILLERATO GENERAL",6,6," 16.7"," 66.7"," 16.7","  0.0"," 66.7"," 16.7"," 16.7","  0.0"
"COLEGIO LINDAVISTA",MATUTINO,"GUSTAVO A. MADERO",LINDAVISTA,PRIVADO,"BACHILLERATO GENERAL",15,12,"  8.3"," 25.0"," 66.7","  0.0","  8.3"," 75.0"," 16.7","  0.0"
"BACHILLERATO SARA ALARCON",MATUTINO,"MIGUEL HIDALGO",GRANADA,PRIVADO,"BACHILLERATO GENERAL",19,19,"  0.0"," 21.1"," 63.2"," 15.8"," 21.1"," 31.6"," 31.6"," 15.8"
"PREPARATORIA CATOLICA LUMEN GENTIUM",MATUTINO,XOCHIMILCO,"SAN FELIPE TULYEHUALCO",PRIVADO,"BACHILLERATO GENERAL",21,18,"  0.0"," 31.3"," 62.5","  6.3"," 27.8"," 38.9"," 22.2"," 11.1"
"PREPARATORIA ELENA JACKSON FISKEHUNT",VESPERTINO,COYOACAN,AJUSCO,PRIVADO,"BACHILLERATO GENERAL",9,8," 37.5"," 50.0"," 12.5","  0.0"," 50.0"," 25.0"," 12.5"," 12.5"
"PREPARATORIA NUEVA ACADEMIA DE FORMACION INTEGRAL",MATUTINO,"GUSTAVO A. MADERO","UNIDAD INDUSTRIAL VALLEJO",PRIVADO,"BACHILLERATO GENERAL",20,19," 33.3"," 33.3"," 33.3","  0.0"," 42.1"," 47.4"," 10.5","  0.0"
"PREPARATORIA LA SALLE SIMON BOLIVAR",MATUTINO,"ALVARO OBREGON",FLORIDA,PRIVADO,"BACHILLERATO GENERAL",66,57,"  1.8"," 19.6"," 67.9"," 10.7","  9.1"," 29.1"," 41.8"," 20.0"
"JERONIMO MARIANO USERA Y ALARCON",MATUTINO,"GUSTAVO A. MADERO","CUAUTEPEC BARRIO ALTO",PRIVADO,"BACHILLERATO GENERAL",20,20," 15.0"," 15.0"," 60.0"," 10.0"," 25.0"," 30.0"," 25.0"," 20.0"
"CENTRO EDUCATIVO JOSE VASCONCELOS",VESPERTINO,"CUAJIMALPA DE MORELOS","CLUB DE GOLF PRADOS DE LA MONTAÑA",PRIVADO,"BACHILLERATO GENERAL",46,45,"  2.2"," 11.1"," 62.2"," 24.4","  2.2"," 44.4"," 26.7"," 26.7"
"BACHILLERATO CENTRO EDUCATIVO EMMANUEL MOUNIER",MATUTINO,"CUAJIMALPA DE MORELOS","JESUS DEL MONTE",PRIVADO,"BACHILLERATO GENERAL",16,12," 33.3"," 33.3"," 33.3","  0.0"," 25.0"," 41.7"," 16.7"," 16.7"
"BACHILLERATO ISABEL GRASSETEAU",MATUTINO,"ALVARO OBREGON","ALFONSO XIII",PRIVADO,"BACHILLERATO GENERAL",12,12," 30.0"," 30.0"," 40.0","  0.0"," 25.0"," 50.0","  8.3"," 16.7"
"ESCUELA SECUNDARIA Y PREPARATORIA JUSTO SIERRA, PLANTEL AZAHARES",MATUTINO,CUAUHTEMOC,"SANTA MARIA INSURGENTES",PRIVADO,"BACHILLERATO GENERAL",92,87," 17.6"," 38.8"," 32.9"," 10.6"," 20.9"," 48.8"," 20.9","  9.3"
"BACHILLERATO ISABEL GRASSETEAU, PLANTEL SANTA MARIA",MATUTINO,CUAUHTEMOC,"SANTA MARIA LA RIBERA",PRIVADO,"BACHILLERATO GENERAL",8,8," 12.5"," 37.5"," 50.0","  0.0"," 37.5"," 50.0"," 12.5","  0.0"
"BACHILLERATO BAUTISTA DAVID LIVINGSTONE",MATUTINO,AZCAPOTZALCO,CLAVERIA,PRIVADO,"BACHILLERATO GENERAL",15,13,"  9.1"," 36.4"," 54.5","  0.0"," 38.5"," 38.5"," 23.1","  0.0"
"COLEGIO GRIMM CAMPUS SANTA FE BACHILLERATO",MATUTINO,"CUAJIMALPA DE MORELOS","SAN MATEO TLALTENANGO",PRIVADO,"BACHILLERATO GENERAL",11,7," 42.9"," 14.3"," 42.9","  0.0"," 42.9"," 28.6"," 28.6","  0.0"
"BACHILLERATO BASILIO RUEDA",VESPERTINO,CUAUHTEMOC,"ROMA SUR",PRIVADO,"BACHILLERATO GENERAL",19,17," 17.6"," 52.9"," 29.4","  0.0"," 52.9"," 47.1","  0.0","  0.0"
"COLEGIO PRINCETON DEL PEDREGAL BACHILLERATO",MATUTINO,TLALPAN,"HEROES DE PADIERNA",PRIVADO,"BACHILLERATO GENERAL",28,25,"  0.0"," 21.7"," 78.3","  0.0","  4.2"," 50.0"," 33.3"," 12.5"
"UNIVERSIDAD TEC MILENIO FERRERIA",MATUTINO,AZCAPOTZALCO,"SANTA BARBARA",PRIVADO,"BACHILLERATO GENERAL",143,140," 13.1"," 23.4"," 50.4"," 13.1","  9.3"," 27.9"," 32.1"," 30.7"
"BACHILLERATO GENERAL FRAY MATIAS DE CORDOVA",MATUTINO,AZCAPOTZALCO,NEXTENGO,PRIVADO,"BACHILLERATO GENERAL",9,8," 12.5"," 62.5"," 25.0","  0.0"," 37.5"," 50.0"," 12.5","  0.0"
"BACHILLERATO LICEO EUROPEO CAMPUS IZTAPALAPA",MATUTINO,IZTAPALAPA,"SAN JUAN XALPA",PRIVADO,"BACHILLERATO GENERAL",21,19," 57.9"," 26.3"," 15.8","  0.0"," 57.9"," 36.8","  5.3","  0.0"
"BACHILLERATO GALILEO GALILEI",MATUTINO,TLALPAN,"HEROES DE PADIERNA",PRIVADO,"BACHILLERATO GENERAL",30,24," 16.7"," 25.0"," 50.0","  8.3"," 41.7"," 45.8","  4.2","  8.3"
"UNIVERSIDAD DEL DISTRITO FEDERAL BACHILLERATO",MATUTINO,CUAUHTEMOC,CONDESA,PRIVADO,"BACHILLERATO GENERAL",15,15,"  6.7"," 20.0"," 66.7","  6.7"," 21.4"," 42.9"," 21.4"," 14.3"
"UNIVERSIDAD MARISTA BACHILLERATO",MATUTINO,TLAHUAC,"DEL MAR",PRIVADO,"BACHILLERATO GENERAL",156,153," 10.9"," 27.9"," 55.1","  6.1"," 16.3"," 41.8"," 23.5"," 18.3"
"BACHILLERATO INGLES MAXWELL",MATUTINO,"GUSTAVO A. MADERO",ATZACOALCO,PRIVADO,"BACHILLERATO GENERAL",20,9," 44.4"," 33.3"," 22.2","  0.0"," 22.2"," 11.1"," 33.3"," 33.3"
"BACHILLERATO COLEGIO RENE DESCARTES",MATUTINO,IZTAPALAPA,"SANTA MARIA TOMATLAN",PRIVADO,"BACHILLERATO GENERAL",3,3,"  0.0","  0.0",100.0,"  0.0","  0.0",100.0,"  0.0","  0.0"
"UNIVERSIDAD INTERCONTINENTAL BACHILLERATO",MATUTINO,TLALPAN,TLALPAN,PRIVADO,"BACHILLERATO GENERAL",156,150," 14.5"," 33.3"," 47.8","  4.3"," 26.9"," 50.3"," 17.9","  4.8"
"UNIVERSIDAD INTERCONTINENTAL BACHILLERATO",VESPERTINO,TLALPAN,TLALPAN,PRIVADO,"BACHILLERATO GENERAL",19,15," 13.3"," 46.7"," 40.0","  0.0"," 13.3"," 73.3"," 13.3","  0.0"
"COLEGIO LUZ SAVINON BACHILLERATO",MATUTINO,"MIGUEL HIDALGO",TACUBAYA,PRIVADO,"BACHILLERATO GENERAL",26,25,"  4.0"," 40.0"," 52.0","  4.0"," 28.0"," 40.0"," 24.0","  8.0"
"BACHILLERATO GENERAL DE MEXICO",MATUTINO,TLALPAN,"MIRAMONTES, -RESIDENCIAL-",PRIVADO,"BACHILLERATO GENERAL",32,30," 56.7"," 30.0"," 13.3","  0.0"," 40.0"," 50.0","  6.7","  3.3"
"INSTITUTO ROSNER BACHILLERATO",MATUTINO,"CUAJIMALPA DE MORELOS","SAN MATEO TLALTENANGO",PRIVADO,"BACHILLERATO GENERAL",20,11," 27.3"," 45.5"," 27.3","  0.0"," 36.4"," 36.4"," 27.3","  0.0"
"NIVEL MEDIO SUPERIOR CENTRO ESCOLAR MORELOS",MATUTINO,"VENUSTIANO CARRANZA",BALBUENA,PRIVADO,"BACHILLERATO GENERAL",20,20,"  0.0"," 50.0"," 40.0"," 10.0"," 21.1"," 52.6"," 26.3","  0.0"
"UNIVERSIDAD ANAAUAC, BACHILLERATO HIGHLANDS",MATUTINO,TLALPAN,TLALPAN,PRIVADO,"BACHILLERATO GENERAL",35,34,"  0.0","  3.0"," 57.6"," 39.4","  2.9","  5.9"," 29.4"," 61.8"
"BACHILLERATO JESUS DE URQUIAGA",MATUTINO,"ALVARO OBREGON","SAN ANGEL",PRIVADO,"BACHILLERATO GENERAL",19,18,"  5.6"," 44.4"," 38.9"," 11.1"," 27.8"," 61.1"," 11.1","  0.0"
"PREPARATORIA MISIONES",MATUTINO,"ALVARO OBREGON","SAN BARTOLO AMEYALCO",PRIVADO,"BACHILLERATO GENERAL",16,13," 30.8"," 38.5"," 23.1","  7.7"," 38.5"," 38.5"," 15.4","  7.7"
"COLEGIO HEBREO SEFARADI BACHILLERATO",MATUTINO,"CUAJIMALPA DE MORELOS","LOMAS DEL CHAMIZAL 2A SECC",PRIVADO,"BACHILLERATO GENERAL",47,42," 47.5"," 27.5"," 25.0","  0.0"," 14.6"," 36.6"," 31.7"," 17.1"
"COLEGIO HEBREO TARBUT BACHILLERATO",MATUTINO,"CUAJIMALPA DE MORELOS","LOMAS DE VISTA HERMOSA",PRIVADO,"BACHILLERATO GENERAL",57,46," 37.0"," 45.7"," 15.2","  2.2"," 15.2"," 47.8"," 30.4","  6.5"
"COLEGIO HEBREO MONTE SINAI BACHILLERATO",MATUTINO,"CUAJIMALPA DE MORELOS","LOMAS DE VISTA HERMOSA",PRIVADO,"BACHILLERATO GENERAL",77,60," 17.2"," 29.3"," 46.6","  6.9"," 28.3"," 40.0"," 18.3"," 13.3"
"CENTRO DE ESTUDIOS TECNOLOGICOS INDUSTRIAL Y DE SERVICIOS NO. 004",VESPERTINO,AZCAPOTZALCO,"JARDIN AZPEITIA",PUBLICO,"BACHILLERATO TECNOLOGICO",159,141," 50.7"," 37.9"," 11.4","  0.0"," 48.2"," 40.3"," 10.8","  0.7"
"CENTRO DE ESTUDIOS TECNOLOGICOS INDUSTRIAL Y DE SERVICIOS NO. 29",MATUTINO,"CUAJIMALPA DE MORELOS",CHIMALPA,PUBLICO,"BACHILLERATO TECNOLOGICO",275,244," 15.4"," 44.4"," 38.0","  2.1"," 41.3"," 36.2"," 19.1","  3.4"
"CENTRO DE ESTUDIOS TECNOLOGICOS INDUSTRIAL Y DE SERVICIOS NO. 30",VESPERTINO,"GUSTAVO A. MADERO","SAN PEDRO ZACATENCO",PUBLICO,"BACHILLERATO TECNOLOGICO",282,213," 19.4"," 40.8"," 38.8","  1.0"," 23.3"," 45.7"," 23.3","  7.6"
"CENTRO DE ESTUDIOS TECNOLOGICOS INDUSTRIAL Y DE SERVICIOS NO. 32",VESPERTINO,"VENUSTIANO CARRANZA","ADOLFO LOPEZ MATEOS",PUBLICO,"BACHILLERATO TECNOLOGICO",244,207," 13.1"," 52.9"," 33.0","  1.0"," 36.9"," 47.6"," 13.1","  2.4"
"CETIS 033",VESPERTINO,AZCAPOTZALCO,"PRADOS DEL ROSARIO",PUBLICO,"BACHILLERATO TECNOLOGICO",233,181," 28.7"," 46.8"," 24.0","  0.6"," 35.2"," 47.2"," 14.2","  3.4"
"CENTRO DE ESTUDIOS TECNOLOGICOS INDUSTRIAL Y DE SERVICIOS NO. 039",VESPERTINO,XOCHIMILCO,"TEPEPAN AMPLIACION",PUBLICO,"BACHILLERATO TECNOLOGICO",122,107," 18.1"," 48.6"," 31.4","  1.9"," 18.1"," 48.6"," 28.6","  4.8"
"CENTRO DE ESTUDIOS TECNOLOGICOS INDUSTRIAL Y DE SERVICIOS NUM. 042",MATUTINO,IZTAPALAPA,IZTAPALAPA,PUBLICO,"BACHILLERATO TECNOLOGICO",237,220," 16.0"," 35.6"," 47.5","  0.9"," 34.1"," 40.0"," 19.5","  6.4"
"CENTRO DE ESTUDIOS TECNOLOGICOS INDUSTRIAL Y DE SERVICIOS NUM. 042",VESPERTINO,IZTAPALAPA,IZTAPALAPA,PUBLICO,"BACHILLERATO TECNOLOGICO",154,146," 13.9"," 53.5"," 32.6","  0.0"," 24.6"," 38.0"," 28.2","  9.2"
"CENTRO DE ESTUDIOS TECNOLOGICOS INDUSTRIAL Y DE SERVICIOS NO. 54",VESPERTINO,"GUSTAVO A. MADERO","GUSTAVO A. MADERO",PUBLICO,"BACHILLERATO TECNOLOGICO",327,268," 17.4"," 49.1"," 33.6","  0.0"," 39.6"," 48.3"," 12.1","  0.0"
"CENTRO DE ESTUDIOS TECNOLOGICOS Y DE SERVICIO NO.055",MATUTINO,"GUSTAVO A. MADERO","GUSTAVO A. MADERO",PUBLICO,"BACHILLERATO TECNOLOGICO",187,174," 24.7"," 44.1"," 29.4","  1.8"," 26.7"," 51.7"," 15.7","  5.8"
"CENTRO DE ESTUDIOS TECNOLOGICOS Y DE SERVICIO NO.055",VESPERTINO,"GUSTAVO A. MADERO","GUSTAVO A. MADERO",PUBLICO,"BACHILLERATO TECNOLOGICO",184,170," 12.5"," 44.0"," 42.3","  1.2"," 20.2"," 42.3"," 28.0","  9.5"
"CENTRO DE ESTUDIOS TECNOLOGICOS INDUSTRIAL Y DE SERVICIOS NUM. 057",MATUTINO,IZTAPALAPA,IZTAPALAPA,PUBLICO,"BACHILLERATO TECNOLOGICO",347,327,"  1.8"," 20.0"," 72.0","  6.2","  5.8"," 24.6"," 43.1"," 26.5"
"CENTRO DE ESTUDIOS TECNOLOGICOS INDUSTRIAL Y DE SERVICIOS NUM. 057",VESPERTINO,IZTAPALAPA,IZTAPALAPA,PUBLICO,"BACHILLERATO TECNOLOGICO",274,213," 10.0"," 37.9"," 48.8","  3.3"," 20.2"," 43.2"," 26.8","  9.9"
"CETIS NO.153",MATUTINO,IZTAPALAPA,IZTAPALAPA,PUBLICO,"BACHILLERATO TECNOLOGICO",450,366," 22.4"," 34.1"," 39.9","  3.5"," 19.8"," 48.7"," 24.0","  7.5"
"CETIS NO.153",VESPERTINO,IZTAPALAPA,IZTAPALAPA,PUBLICO,"BACHILLERATO TECNOLOGICO",230,172," 25.2"," 37.7"," 35.8","  1.3"," 26.5"," 51.8"," 17.5","  4.2"
"CENTRO DE ESTUDIOS TECNOLOGICOS INDUSTRIAL Y DE SERVICIOS NUM.154",MATUTINO,TLALPAN,"SAN PEDRO MARTIR",PUBLICO,"BACHILLERATO TECNOLOGICO",346,331,"  2.7"," 21.5"," 68.6","  7.3"," 19.0"," 39.9"," 28.7"," 12.4"
"CENTRO DE ESTUDIOS TECNOLOGICOS INDUSTRIAL Y DE SERVICIOS NUM.154",VESPERTINO,TLALPAN,"SAN PEDRO MARTIR",PUBLICO,"BACHILLERATO TECNOLOGICO",201,191,"  6.8"," 46.8"," 45.3","  1.1"," 21.6"," 44.7"," 27.4","  6.3"
"CENTRO DE ESTUDIOS TECNOLOGICOS INDUSTRIAL Y DE SERVICIOS NO. 390",VESPERTINO,"GUSTAVO A. MADERO","GUSTAVO A. MADERO",PUBLICO,"BACHILLERATO TECNOLOGICO",170,158," 17.4"," 47.7"," 34.8","  0.0"," 37.0"," 50.6"," 12.3","  0.0"
"ESCUELA DE AVIACION MEXICO",MATUTINO,"VENUSTIANO CARRANZA",FEDERAL,PUBLICO,"BACHILLERATO TECNOLOGICO",46,44," 24.4"," 36.6"," 39.0","  0.0"," 34.9"," 53.5"," 11.6","  0.0"
"CENTRO DE ESTUDIOS TECNOLOGICOS INDUSTRIAL Y DE SERVICIOS NUM.13",VESPERTINO,CUAUHTEMOC,CENTRO,PUBLICO,"BACHILLERATO TECNOLOGICO",274,221,"  5.0"," 29.8"," 61.0","  4.1"," 18.3"," 44.7"," 26.9"," 10.0"
"CETIS 9",VESPERTINO,CUAUHTEMOC,CUAUHTEMOC,PUBLICO,"BACHILLERATO TECNOLOGICO",141,128,"  9.4"," 39.1"," 48.4","  3.1"," 18.8"," 50.0"," 25.8","  5.5"
"CETIS NO.10",MATUTINO,"ALVARO OBREGON","ALFONSO XIII",PUBLICO,"BACHILLERATO TECNOLOGICO",294,275,"  2.2"," 17.5"," 72.4","  8.0"," 16.9"," 32.0"," 37.5"," 13.6"
"CETIS NO.10",VESPERTINO,"ALVARO OBREGON","ALFONSO XIII",PUBLICO,"BACHILLERATO TECNOLOGICO",265,245,"  3.7"," 31.0"," 59.6","  5.7"," 20.9"," 41.8"," 29.9","  7.4"
"CENTRO DE ESTUDIOS TECNOLOGICOS INDUSTRIAL Y DE SERVICIOS NO. 5",MATUTINO,"BENITO JUAREZ","BENITO JUAREZ",PUBLICO,"BACHILLERATO TECNOLOGICO",315,292,"  9.8"," 38.7"," 49.5","  2.1"," 31.0"," 49.3"," 15.9","  3.8"
"CENTRO DE ESTUDIOS TECNOLOGICOS INDUSTRIAL Y DE SERVICIOS NO. 5",VESPERTINO,"BENITO JUAREZ","BENITO JUAREZ",PUBLICO,"BACHILLERATO TECNOLOGICO",246,226," 11.4"," 45.2"," 40.2","  3.2"," 37.1"," 39.3"," 20.1","  3.6"
"CENTRO DE ESTUDIOS TECNOLOGICOS INDUSTRIAL Y DE SERVICIOS NUM. 003",MATUTINO,CUAUHTEMOC,CUAUHTEMOC,PUBLICO,"BACHILLERATO TECNOLOGICO",354,325,"  8.9"," 32.2"," 57.6","  1.3"," 16.7"," 43.7"," 25.4"," 14.2"
"CENTRO DE ESTUDIOS TECNOLOGICOS INDUSTRIAL Y DE SERVICIOS NO. 2",MATUTINO,COYOACAN,"DEL CARMEN",PUBLICO,"BACHILLERATO TECNOLOGICO",238,217,"  5.6"," 31.3"," 60.3","  2.8"," 11.2"," 44.4"," 30.4"," 14.0"
"CENTRO DE ESTUDIOS TECNOLOGICOS INDUSTRIAL Y DE SERVICIOS N 76",MATUTINO,IZTACALCO,IZTACALCO,PUBLICO,"BACHILLERATO TECNOLOGICO",251,220," 10.2"," 32.7"," 52.7","  4.4"," 27.3"," 38.0"," 26.9","  7.9"
"CENTRO DE ESTUDIOS TECNOLOGICOS INDUSTRIAL Y DE SERVICIOS N 76",VESPERTINO,IZTACALCO,IZTACALCO,PUBLICO,"BACHILLERATO TECNOLOGICO",188,169,"  8.0"," 34.4"," 54.6","  3.1"," 16.3"," 35.5"," 32.5"," 15.7"
"CENTRO DE ESTUDIOS TECNOLOGICOS INDUSTRIAL Y DE SERVICIOS NUM. 007",MATUTINO,"GUSTAVO A. MADERO","GUSTAVO A. MADERO",PUBLICO,"BACHILLERATO TECNOLOGICO",221,210,"  8.1"," 40.2"," 49.8","  1.9"," 30.3"," 38.9"," 25.5","  5.3"
"CENTRO DE ESTUDIOS TECNOLOGICOS INDUSTRIAL Y DE SERVICIOS NUM. 007",VESPERTINO,"GUSTAVO A. MADERO","GUSTAVO A. MADERO",PUBLICO,"BACHILLERATO TECNOLOGICO",182,135," 15.7"," 47.8"," 35.1","  1.5"," 50.4"," 40.6","  9.0","  0.0"
"CENTRO DE ESTUDIOS TECNOLOGICOS INDUSTRIAL Y DE SERVICIOS NUM. 006",MATUTINO,IZTAPALAPA,"LOS REYES",PUBLICO,"BACHILLERATO TECNOLOGICO",213,173," 57.4"," 29.0"," 13.6","  0.0"," 42.9"," 41.1"," 12.3","  3.7"
"CENTRO DE ESTUDIOS TECNOLOGICOS INDUSTRIAL Y DE SERVICIOS NUM. 006",VESPERTINO,IZTAPALAPA,"LOS REYES",PUBLICO,"BACHILLERATO TECNOLOGICO",139,124," 45.8"," 41.1"," 12.1","  0.9"," 40.3"," 44.5","  8.4","  6.7"
"CENTRO DE ESTUDIOS TECNOLOGICOS INDUSTRIAL Y DE SERVICIOS NO. 49",MATUTINO,XOCHIMILCO,XOCHIMILCO,PUBLICO,"BACHILLERATO TECNOLOGICO",340,304,"  2.3"," 24.0"," 65.5","  8.2","  9.9"," 38.7"," 33.4"," 17.9"
"CENTRO DE ESTUDIOS TECNOLOGICOS INDUSTRIALES Y DE SERVICIOS NUM.050",MATUTINO,IZTAPALAPA,IZTAPALAPA,PUBLICO,"BACHILLERATO TECNOLOGICO",310,273," 23.1"," 36.4"," 37.5","  3.0"," 25.4"," 40.1"," 25.0","  9.6"
"CENTRO DE ESTUDIOS TECNOLOGICOS INDUSTRIALES Y DE SERVICIOS NUM.050",VESPERTINO,IZTAPALAPA,IZTAPALAPA,PUBLICO,"BACHILLERATO TECNOLOGICO",260,227," 12.4"," 42.5"," 42.5","  2.7"," 29.8"," 37.8"," 21.8"," 10.7"
"CENTRO DE ESTUDIOS TECNOLOGICO Y DE SERVICIOS NUM. 051",MATUTINO,"VENUSTIANO CARRANZA","VENUSTIANO CARRANZA",PUBLICO,"BACHILLERATO TECNOLOGICO",293,263," 10.9"," 35.3"," 51.2","  2.7"," 28.5"," 50.4"," 17.2","  3.9"
"CENTRO DE ESTUDIOS TECNOLOGICO Y DE SERVICIOS NUM. 051",VESPERTINO,"VENUSTIANO CARRANZA","VENUSTIANO CARRANZA",PUBLICO,"BACHILLERATO TECNOLOGICO",198,169," 27.5"," 40.6"," 30.6","  1.3"," 28.7"," 53.0"," 15.9","  2.4"
"CENTRO DE ESTUDIOS TECNOLOGICOS INDUSTRIAL Y DE SERVICIOS NUM. 152",MATUTINO,"MIGUEL HIDALGO","MIGUEL HIDALGO",PUBLICO,"BACHILLERATO TECNOLOGICO",85,80,"  1.3"," 17.7"," 68.4"," 12.7","  2.5"," 22.8"," 26.6"," 48.1"
"CENTRO DE ESTUDIOS TECNOLOGICOS INDUSTRIAL Y DE SERVICIOS NUM. 152",VESPERTINO,"MIGUEL HIDALGO","MIGUEL HIDALGO",PUBLICO,"BACHILLERATO TECNOLOGICO",114,104,"  9.6"," 29.8"," 58.7","  1.9"," 33.0"," 44.7"," 16.5","  5.8"
"UNIVERSIDAD INSURGENTES PLANTEL NORTE",MATUTINO,"GUSTAVO A. MADERO","SAN PEDRO ZACATENCO",PRIVADO,"BACHILLERATO GENERAL",21,20," 11.1"," 38.9"," 44.4","  5.6"," 47.4"," 31.6"," 15.8","  5.3"
"CENTRO DE ESTUDIOS TECNICOS GANTE",MATUTINO,"MIGUEL HIDALGO","POLANCO REFORMA",PRIVADO,"BACHILLERATO TECNOLOGICO",19,17,"  5.9"," 29.4"," 64.7","  0.0"," 23.5"," 47.1"," 17.6"," 11.8"
"INSTITUTO TECNICO DE CAPACITACION DEL SUTGDF",VESPERTINO,CUAUHTEMOC,CENTRO,PRIVADO,"BACHILLERATO TECNOLOGICO",23,22," 33.3"," 38.1"," 28.6","  0.0"," 42.9"," 42.9","  9.5","  4.8"
"ESCUELA PANAMERICANA DE HOTELERIA",MATUTINO,"BENITO JUAREZ","DEL VALLE",PRIVADO,"BACHILLERATO TECNOLOGICO",17,15," 14.3"," 64.3"," 21.4","  0.0"," 28.6"," 57.1"," 14.3","  0.0"
"UNIVERSIDAD ICEL BACHILLERATO,CAMPUS TLALPAN-COYOACAN",MATUTINO,COYOACAN,COYOACAN,PRIVADO,"BACHILLERATO TECNOLOGICO",7,7," 42.9"," 42.9"," 14.3","  0.0"," 28.6"," 71.4","  0.0","  0.0"
"BACHILLERATO TECNOLOGICO VILLANUEVA MONTANO, S.C.",MATUTINO,COYOACAN,XOTEPINGO,PRIVADO,"BACHILLERATO TECNOLOGICO",7,7," 50.0"," 16.7"," 33.3","  0.0"," 57.1"," 42.9","  0.0","  0.0"
"ESCUELA INTERNACIONAL DE NUEVAS PROFESIONES, SENDA 2000",MATUTINO,XOCHIMILCO,"EL ROSARIO",PRIVADO,"BACHILLERATO TECNOLOGICO",37,35," 36.7"," 33.3"," 30.0","  0.0"," 51.7"," 44.8","  3.4","  0.0"
"ESCUELA INTERNACIONAL DE NUEVAS PROFESIONES, SENDA 2000",VESPERTINO,XOCHIMILCO,"EL ROSARIO",PRIVADO,"BACHILLERATO TECNOLOGICO",13,9," 14.3"," 57.1"," 28.6","  0.0"," 50.0"," 33.3"," 16.7","  0.0"
"UNIVERSIDAD TECNOLOGICA AMERICANA",MATUTINO,CUAUHTEMOC,"ROMA SUR",PRIVADO,"BACHILLERATO TECNOLOGICO",17,17,"  6.3"," 25.0"," 62.5","  6.3"," 17.6"," 41.2"," 17.6"," 23.5"
"AERONACIONAL BACHILLERATO DE AVIACION",MATUTINO,"VENUSTIANO CARRANZA",FEDERAL,PRIVADO,"BACHILLERATO TECNOLOGICO",20,18," 22.2"," 50.0"," 27.8","  0.0"," 33.3"," 55.6"," 11.1","  0.0"
"INSTITUTO DE ESTUDIOS PROFESIONALES GUADALUPE",MATUTINO,"GUSTAVO A. MADERO","TEPEYAC INSURGENTES",PRIVADO,"BACHILLERATO TECNOLOGICO",11,11," 18.2"," 36.4"," 36.4","  9.1"," 63.6"," 27.3","  0.0","  9.1"
"INSTITUTO MARILLAC",MATUTINO,"ALVARO OBREGON",TIZAPAN,PRIVADO,"BACHILLERATO TECNOLOGICO",68,65,"  7.7"," 27.7"," 60.0","  4.6"," 35.4"," 44.6"," 13.8","  6.2"
"COLEGIO INTERAMERICANO BARNARD",MATUTINO,IZTAPALAPA,"SAN LORENZO XICOTENCATL",PRIVADO,"BACHILLERATO TECNOLOGICO",10,10," 40.0"," 40.0"," 20.0","  0.0"," 80.0"," 20.0","  0.0","  0.0"
"COLEGIO INTERAMERICANO BARNARD",VESPERTINO,IZTAPALAPA,"SAN LORENZO XICOTENCATL",PRIVADO,"BACHILLERATO TECNOLOGICO",39,30," 37.0"," 40.7"," 22.2","  0.0"," 58.6"," 27.6"," 10.3","  3.4"
"CENTRO DE ESTUDIOS UNIVERSITARIOS DE LA CIUDAD DE MEXICO",MATUTINO,"BENITO JUAREZ",MIXCOAC,PRIVADO,"BACHILLERATO TECNOLOGICO",72,56," 23.2"," 41.1"," 35.7","  0.0"," 36.4"," 58.2","  3.6","  1.8"
"INSTITUTO FUNDACION AZTECA",VESPERTINO,"GUSTAVO A. MADERO","SANTA ISABEL TOLA",PRIVADO,"BACHILLERATO TECNOLOGICO",40,39,"  0.0"," 20.5"," 61.5"," 17.9","  0.0"," 12.8"," 38.5"," 48.7"
"INSTITUTO ACTIVO DE MERCADOTECNIA Y PUBLICIDAD",MATUTINO,CUAUHTEMOC,"SAN RAFAEL",PRIVADO,"BACHILLERATO TECNOLOGICO",3,3,"  0.0","  0.0",100.0,"  0.0"," 33.3"," 33.3","  0.0"," 33.3"
"INSTITUTO FLEMING PLANTEL IZTAPALAPA",MATUTINO,IZTAPALAPA,"SAN PABLO",PRIVADO,"BACHILLERATO TECNOLOGICO",12,10," 50.0"," 10.0"," 40.0","  0.0"," 44.4"," 55.6","  0.0","  0.0"
"ESCUELA ESTEFANIA CASTAÑEDA",MATUTINO,IZTACALCO,IZTACALCO,PRIVADO,"BACHILLERATO TECNOLOGICO",10,9," 33.3"," 55.6"," 11.1","  0.0",100.0,"  0.0","  0.0","  0.0"
"FUNDACION LEFRANC",MATUTINO,CUAUHTEMOC,"SANTA MARIA LA RIBERA",PRIVADO,"BACHILLERATO TECNOLOGICO",53,38," 35.1"," 45.9"," 18.9","  0.0"," 65.8"," 31.6","  2.6","  0.0"
"INSTITUTO PANAMERICANO DE AERONAUTICA Y DESARROLLO S.C.",MATUTINO,"GUSTAVO A. MADERO","GUADALUPE INSURGENTES",PRIVADO,"BACHILLERATO TECNOLOGICO",11,7,"  0.0"," 50.0"," 50.0","  0.0"," 42.9"," 42.9"," 14.3","  0.0"
"ESCUELA LA VILLA ENGLISH ACADEMIES, PLANTEL AZCAPOTZALCO",MATUTINO,AZCAPOTZALCO,AZCAPOTZALCO,PRIVADO,"BACHILLERATO TECNOLOGICO",15,14," 42.9"," 28.6"," 28.6","  0.0"," 71.4"," 21.4","  0.0","  7.1"
"BACHILLERATO TECNOLOGICO AZTLAN",MATUTINO,"BENITO JUAREZ","INSURGENTES MIXCOAC",PRIVADO,"BACHILLERATO TECNOLOGICO",14,11,"  0.0"," 37.5"," 62.5","  0.0"," 40.0"," 50.0"," 10.0","  0.0"
"BACHILLERATO TECNOLOGICO AZTLAN",VESPERTINO,"BENITO JUAREZ","INSURGENTES MIXCOAC",PRIVADO,"BACHILLERATO TECNOLOGICO",12,12," 63.6"," 18.2"," 18.2","  0.0"," 66.7"," 16.7"," 16.7","  0.0"
"ESCUELA INTERNACIONAL DE NUEVAS PROFESIONES ROMA",MATUTINO,CUAUHTEMOC,"ROMA SUR",PRIVADO,"BACHILLERATO TECNOLOGICO",22,20," 25.0"," 35.0"," 40.0","  0.0"," 70.0"," 25.0","  5.0","  0.0"
"ESCUELA MUNDIAL",MATUTINO,TLALPAN,"SAN PEDRO MARTIR",PRIVADO,"BACHILLERATO TECNOLOGICO",8,7," 50.0"," 33.3"," 16.7","  0.0"," 66.7"," 33.3","  0.0","  0.0"
"BACHILLERATO TECNOLOGICO JUSTO SIERRA",MATUTINO,CUAUHTEMOC,"SANTA MARIA INSURGENTES",PRIVADO,"BACHILLERATO TECNOLOGICO",62,58," 34.5"," 30.9"," 27.3","  7.3"," 37.9"," 31.0"," 24.1","  6.9"
"ESCUELA COMERCIAL DE LA CIUDAD DE MEXICO",MATUTINO,CUAUHTEMOC,"ROMA NORTE",PRIVADO,"BACHILLERATO TECNOLOGICO",36,30," 53.8"," 23.1"," 23.1","  0.0"," 43.3"," 40.0"," 13.3","  3.3"
"ESCUELA SUPERIOR DE INTERPRETES,TRADUCTORES E IDIOMAS",MATUTINO,COYOACAN,COYOACAN,PRIVADO,"BACHILLERATO TECNOLOGICO",44,41,"  2.4"," 19.5"," 70.7","  7.3"," 14.6"," 43.9"," 31.7","  9.8"
"CENTRO UNIVERSITARIO SAN ANGEL",MATUTINO,CUAUHTEMOC,"ROMA NORTE",PRIVADO,"BACHILLERATO TECNOLOGICO",34,25," 45.8"," 37.5"," 16.7","  0.0"," 58.3"," 29.2"," 12.5","  0.0"
"CENTRO UNIVERSITARIO SAN ANGEL",VESPERTINO,CUAUHTEMOC,"ROMA NORTE",PRIVADO,"BACHILLERATO TECNOLOGICO",8,8," 85.7","  0.0"," 14.3","  0.0"," 75.0"," 25.0","  0.0","  0.0"
"ESCUELA LUCIO MENDIETA Y NUÑEZ",MATUTINO,"BENITO JUAREZ","BENITO JUAREZ",PRIVADO,"BACHILLERATO TECNOLOGICO",28,26," 32.0"," 32.0"," 32.0","  4.0"," 37.5"," 41.7"," 20.8","  0.0"
"UNIVERSIDAD INSURGENTES PLANTEL VIADUCTO",MATUTINO,"BENITO JUAREZ",MODERNA,PRIVADO,"BACHILLERATO TECNOLOGICO",43,26," 15.4"," 50.0"," 30.8","  3.8"," 30.8"," 57.7","  7.7","  3.8"
"INSTITUTO CESAR RITZ",MATUTINO,CUAUHTEMOC,"ROMA SUR",PRIVADO,"BACHILLERATO TECNOLOGICO",22,20," 10.0"," 40.0"," 50.0","  0.0"," 45.0"," 35.0"," 15.0","  5.0"
"COLEGIO MODERNO ALARID",MATUTINO,"BENITO JUAREZ","SAN PEDRO DE LOS PINOS",PRIVADO,"BACHILLERATO TECNOLOGICO",24,23," 39.1"," 43.5"," 13.0","  4.3"," 54.5"," 22.7"," 18.2","  4.5"
"COLEGIO BOSTON DE MEXICO",MATUTINO,"BENITO JUAREZ",PORTALES,PRIVADO,"BACHILLERATO TECNOLOGICO",8,8," 28.6","  0.0"," 71.4","  0.0"," 66.7"," 16.7"," 16.7","  0.0"
"CENTRO DE ESTUDIOS TECNICOS INTERNACIONAL DE TURISMO",MATUTINO,"BENITO JUAREZ","DEL VALLE",PRIVADO,"BACHILLERATO TECNOLOGICO",19,14," 14.3"," 21.4"," 64.3","  0.0"," 35.7"," 35.7"," 21.4","  7.1"
"INSTITUTO CARLOS LINDBERGH",MATUTINO,CUAUHTEMOC,JUAREZ,PRIVADO,"BACHILLERATO TECNOLOGICO",36,29," 40.7"," 40.7"," 14.8","  3.7"," 77.8"," 11.1","  7.4","  3.7"
"ESCUELA COMERCIAL CAMARA DE COMERCIO",MATUTINO,CUAUHTEMOC,"ROMA NORTE",PRIVADO,"BACHILLERATO TECNOLOGICO",85,67," 29.7"," 48.4"," 21.9","  0.0"," 58.2"," 35.8","  4.5","  1.5"
"ESCUELA DE ENFERMERIA HELEN KELLER",MATUTINO,CUAUHTEMOC,"EX-HIPODROMO DE PERALVILLO",PRIVADO,"BACHILLERATO TECNOLOGICO",8,7," 14.3"," 42.9"," 42.9","  0.0"," 28.6"," 57.1"," 14.3","  0.0"
"INSTITUTO ESPECIALIZADO EN COMPUTACION Y ADMINISTRACION ""GAUSS JORDAN""",MATUTINO,"GUSTAVO A. MADERO","GUSTAVO A. MADERO",PRIVADO,"BACHILLERATO TECNOLOGICO",6,6,"  0.0"," 60.0"," 20.0"," 20.0"," 66.7"," 33.3","  0.0","  0.0"
"UNIVERSIDAD LATINA ROMA",MATUTINO,CUAUHTEMOC,"ROMA NORTE",PRIVADO,"BACHILLERATO TECNOLOGICO",9,8," 25.0"," 62.5"," 12.5","  0.0"," 50.0"," 25.0"," 12.5"," 12.5"
"CENTRO DE APRENDIZAJE W. EDUARDS DEMING",MATUTINO,IZTACALCO,IZTACALCO,PRIVADO,"BACHILLERATO TECNOLOGICO",14,11," 30.0"," 40.0"," 30.0","  0.0"," 70.0"," 20.0"," 10.0","  0.0"
"CENTRO TECNOLOGICO DE ESTUDIOS SUPERIORES DEL VALLE DE MEXICO",MATUTINO,"MIGUEL HIDALGO",ESCANDON,PRIVADO,"BACHILLERATO TECNOLOGICO",19,10,100.0,"  0.0","  0.0","  0.0"," 80.0"," 20.0","  0.0","  0.0"
"CENTRO DE FORMACION COYOACAN",MATUTINO,COYOACAN,"CAMPESTRE COYOACAN",PRIVADO,"BACHILLERATO TECNOLOGICO",31,13," 69.2"," 15.4"," 15.4","  0.0"," 53.8"," 30.8"," 15.4","  0.0"
"INSTITUTO TECNOLOGICO ROOSEVELT TAXQUEÑA",VESPERTINO,COYOACAN,"CAMPESTRE CHURUBUSCO",PRIVADO,"BACHILLERATO TECNOLOGICO",72,62," 36.1"," 42.6"," 21.3","  0.0"," 52.5"," 41.0","  6.6","  0.0"
"CENTRO DE ESTUDIOS DE COMPUTO CAFETALES",MATUTINO,COYOACAN,"RESIDENCIAL CAFETALES",PRIVADO,"BACHILLERATO TECNOLOGICO",6,6,"  0.0"," 83.3"," 16.7","  0.0"," 50.0"," 33.3"," 16.7","  0.0"
"CENTRO DE ESTUDIOS TECNICOS EN ADMINISTRACION COMPUTACION Y SECRETARIALES",MATUTINO,IZTAPALAPA,"JUAN ESCUTIA",PRIVADO,"BACHILLERATO TECNOLOGICO",14,12,"  0.0"," 63.6"," 36.4","  0.0"," 41.7"," 33.3"," 25.0","  0.0"
"INSTITUTO TECNOLOGICO ROOSEVELT PLANTEL IZTAPALAPA",MATUTINO,IZTAPALAPA,"EL MANTO",PRIVADO,"BACHILLERATO TECNOLOGICO",73,50," 18.8"," 54.2"," 25.0","  2.1"," 61.2"," 32.7","  6.1","  0.0"
"ESCUELA INTERNACIONAL DE NUEVAS PROFESIONES, SENDA 2000, LINDAV",VESPERTINO,"GUSTAVO A. MADERO",INDUSTRIAL,PRIVADO,"BACHILLERATO TECNOLOGICO",30,25," 24.0"," 52.0"," 24.0","  0.0"," 44.0"," 44.0"," 12.0","  0.0"
"UNIVERSIDAD ICEL BACHILLERATO,CAMPUS ZARAGOZA",MATUTINO,IZTAPALAPA,"SANTA MARTHA ACATITLA",PRIVADO,"BACHILLERATO TECNOLOGICO",12,12,"  8.3"," 33.3"," 50.0","  8.3"," 41.7"," 33.3"," 25.0","  0.0"
"UNIVERSIDAD ICEL",MATUTINO,IZTAPALAPA,"LOS ANGELES",PRIVADO,"BACHILLERATO TECNOLOGICO",97,79," 41.7"," 44.4"," 12.5","  1.4"," 46.8"," 35.1"," 13.0","  5.2"
"UNIVERSIDAD ICEL BACHILLERATO, CAMPUS LA VILLA",MATUTINO,"GUSTAVO A. MADERO",ESTANZUELA,PRIVADO,"BACHILLERATO TECNOLOGICO",37,29," 37.5"," 37.5"," 25.0","  0.0"," 32.1"," 35.7"," 14.3"," 17.9"
"INSTITUTO TECNOLOGICO ROOSEVELT ZARAGOZA",VESPERTINO,IZTACALCO,"AGRICOLA ORIENTAL",PRIVADO,"BACHILLERATO TECNOLOGICO",29,24," 41.7"," 29.2"," 25.0","  4.2"," 58.3"," 37.5","  4.2","  0.0"
"INSTITUTO TECNOLOGICO ROOSEVEL,PLANTEL VILLA",VESPERTINO,"GUSTAVO A. MADERO",INDUSTRIAL,PRIVADO,"BACHILLERATO TECNOLOGICO",8,7,"  0.0"," 85.7"," 14.3","  0.0"," 66.7"," 16.7","  0.0"," 16.7"
"CENTRO ESCOLAR NEWTON",MATUTINO,CUAUHTEMOC,CENTRO,PRIVADO,"BACHILLERATO TECNOLOGICO",32,27,"  7.4"," 33.3"," 55.6","  3.7"," 29.6"," 29.6"," 40.7","  0.0"
"INSTITUTO CETEC",MATUTINO,CUAUHTEMOC,"SANTA MARIA LA RIBERA",PRIVADO,"BACHILLERATO TECNOLOGICO",12,11," 54.5"," 45.5","  0.0","  0.0"," 27.3"," 45.5"," 27.3","  0.0"
"JOSE ENCARNACION GONZALEZ VILLASEÑOR",MATUTINO,IZTAPALAPA,IZTAPALAPA,PRIVADO,"BACHILLERATO TECNOLOGICO",8,8,"  0.0"," 60.0"," 40.0","  0.0"," 25.0"," 50.0"," 12.5"," 12.5"
"INSTITUTO COMERCIAL MENDOZA",MATUTINO,"GUSTAVO A. MADERO","GUADALUPE TEPEYAC",PRIVADO,"BACHILLERATO TECNOLOGICO",40,33," 39.4"," 42.4"," 18.2","  0.0"," 48.5"," 39.4","  9.1","  3.0"
"INSTITUTO DE LAS NACIONES UNIDAS",MATUTINO,TLALPAN,"TORIELLO GUERRA",PRIVADO,"BACHILLERATO TECNOLOGICO",14,14," 30.8"," 30.8"," 38.5","  0.0"," 61.5"," 38.5","  0.0","  0.0"
"UNIVERSIDAD INSURGENTES PLANTEL XOLA",MATUTINO,"BENITO JUAREZ","BENITO JUAREZ",PRIVADO,"BACHILLERATO TECNOLOGICO",54,47," 22.0"," 48.8"," 24.4","  4.9"," 59.5"," 26.2"," 11.9","  2.4"
"ESCUELA MEXICANA DE TURISMO",MATUTINO,CUAUHTEMOC,JUAREZ,PRIVADO,"BACHILLERATO TECNOLOGICO",33,32," 43.3"," 50.0","  6.7","  0.0"," 53.1"," 40.6","  6.3","  0.0"
"INSTITUTO DE ESTUDIOS DE TURISMO",MATUTINO,"BENITO JUAREZ","BENITO JUAREZ",PRIVADO,"BACHILLERATO TECNOLOGICO",52,43," 10.5"," 36.8"," 50.0","  2.6"," 39.0"," 48.8","  4.9","  7.3"
"INSTITUTO AMADO NERVO",MATUTINO,"GUSTAVO A. MADERO",ARAGON,PRIVADO,"BACHILLERATO TECNOLOGICO",8,8," 12.5"," 62.5"," 25.0","  0.0"," 71.4"," 14.3"," 14.3","  0.0"
"ESCUELA INTERNACIONAL DE NUEVAS PROFESIONES SENDA 2000 COZUMEL",MATUTINO,CUAUHTEMOC,"ROMA NORTE",PRIVADO,"BACHILLERATO TECNOLOGICO",4,3,"  0.0"," 66.7"," 33.3","  0.0","  0.0"," 66.7"," 33.3","  0.0"
"LICEO EUROPEO PLANTEL IZTAPALAPA",MATUTINO,IZTAPALAPA,"SAN JUAN XALPA",PRIVADO,"BACHILLERATO TECNOLOGICO",31,25," 54.2"," 29.2"," 16.7","  0.0"," 44.0"," 44.0","  8.0","  4.0"
"LICEO EUROPEO CAMPUS AEROPUERTO",MATUTINO,"VENUSTIANO CARRANZA",ZARAGOZA,PRIVADO,"BACHILLERATO TECNOLOGICO",35,34," 39.4"," 27.3"," 33.3","  0.0"," 54.5"," 30.3"," 12.1","  3.0"
"UNIVERSIDAD LATINA, CAMPUS SUR",MATUTINO,COYOACAN,"LOS REYES",PRIVADO,"BACHILLERATO TECNOLOGICO",72,62," 16.9"," 45.8"," 33.9","  3.4"," 41.7"," 38.3"," 20.0","  0.0"
"COLEGIO VALLE DEL TEPEYAC",MATUTINO,"GUSTAVO A. MADERO","SAN BARTOLO ATEPEHUACAN",PRIVADO,"BACHILLERATO TECNOLOGICO",6,6," 16.7"," 16.7"," 50.0"," 16.7"," 50.0"," 16.7"," 33.3","  0.0"
"INSTITUTO EDUCATIVO MIXCOAC",MATUTINO,"BENITO JUAREZ","CIUDAD DE LOS DEPORTES",PRIVADO,"BACHILLERATO TECNOLOGICO",25,20," 30.0"," 55.0"," 15.0","  0.0"," 35.0"," 45.0"," 15.0","  5.0"
"COLEGIO DE MATEMATICAS AZCAPOTZALCO",MATUTINO,AZCAPOTZALCO,AZCAPOTZALCO,PRIVADO,"BACHILLERATO TECNOLOGICO",15,15," 40.0"," 13.3"," 40.0","  6.7"," 40.0"," 26.7"," 26.7","  6.7"
"COLEGIO OLIVERIO CROMWELL",MATUTINO,COYOACAN,AJUSCO,PRIVADO,"BACHILLERATO TECNOLOGICO",19,17," 29.4"," 41.2"," 29.4","  0.0"," 70.6"," 29.4","  0.0","  0.0"
"INSTITUTO INTERNACIONAL DE IDIOMAS Y TURISMO",MATUTINO,"MIGUEL HIDALGO",ESCANDON,PRIVADO,"BACHILLERATO TECNOLOGICO",19,12,"  9.1"," 63.6"," 27.3","  0.0"," 58.3"," 41.7","  0.0","  0.0"
"INSTITUTO MARIA GORETTI",MATUTINO,"MIGUEL HIDALGO","ARGENTINA ANTIGUA",PRIVADO,"BACHILLERATO TECNOLOGICO",22,8," 37.5"," 37.5"," 25.0","  0.0",100.0,"  0.0","  0.0","  0.0"
"INSTITUTO PAKAL",MATUTINO,TLALPAN,"FLORESTA COYOACAN",PRIVADO,"BACHILLERATO TECNOLOGICO",33,26," 37.5"," 20.8"," 41.7","  0.0"," 37.5"," 50.0"," 12.5","  0.0"
"INSTITUTO FRANCISCO POSSENTI",MATUTINO,"ALVARO OBREGON","OLIVAR DE LOS PADRES",PRIVADO,"BACHILLERATO TECNOLOGICO",18,18," 44.4"," 44.4"," 11.1","  0.0"," 61.1"," 38.9","  0.0","  0.0"
"BACHILLERATO TECNOLOGICO HELEN`S SCHOOL",MATUTINO,COYOACAN,"CAMPESTRE CHURUBUSCO",PRIVADO,"BACHILLERATO TECNOLOGICO",9,9,"  0.0"," 44.4"," 55.6","  0.0"," 33.3"," 44.4"," 11.1"," 11.1"
"INSTITUTOT TECNOLOGICO ROOSEVELT",MATUTINO,CUAUHTEMOC,CENTRO,PRIVADO,"BACHILLERATO TECNOLOGICO",29,20," 33.3"," 44.4"," 22.2","  0.0"," 84.2"," 10.5","  5.3","  0.0"
"COLEGIO PARTENON",MATUTINO,IZTACALCO,"REFORMA IZTACCIHUATL",PRIVADO,"BACHILLERATO TECNOLOGICO",13,10," 70.0"," 30.0","  0.0","  0.0"," 30.0"," 70.0","  0.0","  0.0"
"INSTITUTO DE CAPACITACION AZTECA",MATUTINO,IZTAPALAPA,"ESCUADRON 201",PRIVADO,"BACHILLERATO TECNOLOGICO",3,3,"  0.0"," 33.3"," 66.7","  0.0"," 66.7"," 33.3","  0.0","  0.0"
"UNIVERSIDAD DEL DESARROLLO EMPRESARIAL Y PEDAGOGICO",MATUTINO,"BENITO JUAREZ","DEL VALLE",PRIVADO,"BACHILLERATO TECNOLOGICO",47,44," 37.8"," 27.0"," 35.1","  0.0"," 47.6"," 42.9","  9.5","  0.0"
"MATEMATICAS SAN COSME",MATUTINO,CUAUHTEMOC,"SAN RAFAEL",PRIVADO,"BACHILLERATO TECNOLOGICO",8,8,"  0.0","  0.0",100.0,"  0.0","  0.0"," 37.5"," 37.5"," 25.0"
"COLEGIO TECNOLOGICO DEL SUR",MATUTINO,TLALPAN,"PARAJE 38",PRIVADO,"BACHILLERATO TECNOLOGICO",35,28," 56.5"," 17.4"," 26.1","  0.0"," 53.6"," 42.9","  3.6","  0.0"
"UNIVERSIDAD INSURGENTES PLANTEL TLAHUAC",MATUTINO,IZTAPALAPA,"SAN LORENZO TEZONCO",PRIVADO,"BACHILLERATO TECNOLOGICO",28,26," 31.8"," 36.4"," 31.8","  0.0"," 23.1"," 61.5"," 15.4","  0.0"
"BACHILLERATO TECNOLOGICO GUADALUPE TEPEYAC",MATUTINO,"GUSTAVO A. MADERO",ARAGON,PRIVADO,"BACHILLERATO TECNOLOGICO",12,11,"  0.0"," 45.5"," 54.5","  0.0"," 36.4"," 54.5","  9.1","  0.0"
"INSTITUTO LAZARO CARDENAS",MATUTINO,TLAHUAC,TLAHUAC,PRIVADO,"BACHILLERATO TECNOLOGICO",10,2,"  0.0"," 50.0"," 50.0","  0.0","  0.0"," 50.0","  0.0"," 50.0"
"UNIVERSIDAD TRES CULTURAS PLANTEL HAVRE",MATUTINO,CUAUHTEMOC,JUAREZ,PRIVADO,"BACHILLERATO TECNOLOGICO",173,139," 29.2"," 40.8"," 30.0","  0.0"," 49.6"," 43.8","  5.8","  0.7"
"INSTITUTO PROFESIONAL EN SERVICIOS DE HOSPITALIDAD YAXKIN",VESPERTINO,"ALVARO OBREGON",FLORIDA,PRIVADO,"TECNICO PROFESIONAL",2,2,"  0.0","  0.0",100.0,"  0.0","  0.0"," 50.0","  0.0"," 50.0"
"CENTRO DE CAPACITACION TECNOLOGICA PROFESIONAL LIBERTADORES DE AMERICA",MATUTINO,TLALPAN,TLALPAN,PRIVADO,"TECNICO PROFESIONAL",10,10," 30.0"," 40.0"," 10.0"," 20.0"," 20.0"," 50.0"," 20.0"," 10.0"
"SISTEMA HARVARD EDUCACIONAL",MATUTINO,"BENITO JUAREZ",NAPOLES,PRIVADO,"TECNICO PROFESIONAL",3,3,"  0.0","  0.0"," 33.3"," 66.7","  0.0","  0.0"," 66.7"," 33.3"
"ESCUELA DE ENFERMERIA DE CRUZ ROJA MEXICANA, SEDE CENTRAL",MATUTINO,"MIGUEL HIDALGO","CHAPULTEPEC MORALES",PRIVADO,"TECNICO PROFESIONAL",12,12,"  0.0"," 33.3"," 41.7"," 25.0"," 33.3"," 25.0"," 25.0"," 16.7"
"ESCUELA DE ENFERMERIA ESCANDON",MATUTINO,"MIGUEL HIDALGO",TACUBAYA,PRIVADO,"TECNICO PROFESIONAL",28,27,"  0.0"," 51.9"," 44.4","  3.7"," 44.4"," 48.1","  7.4","  0.0"
"INSTITUTO BONAMPAK",MATUTINO,TLALPAN,TLALPAN,PRIVADO,"BACHILLERATO TECNOLOGICO",56,50," 17.5"," 12.5"," 52.5"," 17.5"," 12.5"," 47.9"," 20.8"," 18.8"
"ACADEMIA DE LA DANZA MEXICANA",MATUTINO,COYOACAN,CHURUBUSCO,PUBLICO,"BACHILLERATO GENERAL",12,11,"  9.1","  9.1"," 63.6"," 18.2","  0.0"," 63.6"," 27.3","  9.1"
"ESCUELA NACIONAL DE DANZA CLASICA",VESPERTINO,COYOACAN,"COUNTRY CLUB CHURUBUSCO",PUBLICO,"BACHILLERATO GENERAL",9,9,"  0.0"," 33.3"," 66.7","  0.0"," 22.2"," 55.6"," 11.1"," 11.1"
"ESCUELA NACIONAL DE DANZA CONTEMPORANEA",VESPERTINO,COYOACAN,"COUNTRY CLUB CHURUBUSCO",PUBLICO,"BACHILLERATO GENERAL",7,7,"  0.0"," 14.3"," 71.4"," 14.3","  0.0"," 16.7"," 83.3","  0.0"
"CEDART ""DIEGO RIVERA""",MATUTINO,COYOACAN,"CAMPESTRE CHURUBUSCO",PUBLICO,"BACHILLERATO GENERAL",37,36,"  0.0","  3.8"," 65.4"," 30.8","  8.8"," 47.1"," 29.4"," 14.7"
"LUIS SPOTA SAAVEDRA",MATUTINO,CUAUHTEMOC,JUAREZ,PUBLICO,"BACHILLERATO GENERAL",63,59,"  3.8","  3.8"," 66.0"," 26.4","  7.3"," 50.9"," 27.3"," 14.5"
"CENTRO DE EDUCACION ARTISTICA FRIDA KAHLO",MATUTINO,CUAUHTEMOC,TABACALERA,PUBLICO,"BACHILLERATO GENERAL",91,69,"  5.8"," 13.5"," 55.8"," 25.0"," 16.7"," 35.0"," 28.3"," 20.0"
"CECYT 5 BENITO JUAREZ",MATUTINO,IZTAPALAPA,"SANTA MARIA AZTAHUACAN",PUBLICO,"BACHILLERATO TECNOLOGICO",445,348,"  2.3"," 15.7"," 69.2"," 12.8","  1.7"," 18.7"," 36.5"," 43.1"
"CECYT 6 MIGUEL OTHON DE MENDIZABAL",VESPERTINO,AZCAPOTZALCO,"JARDIN AZPEITIA",PUBLICO,"BACHILLERATO TECNOLOGICO",484,362,"  0.0"," 11.8"," 69.1"," 19.1","  1.7"," 15.5"," 43.7"," 39.2"
"CECYT 7 CUAUHTEMOC",VESPERTINO,"GUSTAVO A. MADERO","SAN JUAN DE ARAGON",PUBLICO,"BACHILLERATO TECNOLOGICO",573,341,"  5.4"," 26.8"," 63.6","  4.2","  3.8"," 22.0"," 41.5"," 32.7"
"CECYT 8 NARCISO BASSOLS",MATUTINO,"MIGUEL HIDALGO",POPOTLA,PUBLICO,"BACHILLERATO TECNOLOGICO",500,408,"  4.8"," 25.0"," 62.6","  7.6","  1.2"," 14.4"," 35.2"," 49.1"
"CECYT 9 JUAN DE DIOS BATIZ",MATUTINO,"MIGUEL HIDALGO","SANTO TOMAS",PUBLICO,"BACHILLERATO TECNOLOGICO",350,314,"  0.3","  0.6"," 48.6"," 50.5","  0.0","  0.6","  2.9"," 96.5"
"CECYT 9 JUAN DE DIOS BATIZ",VESPERTINO,"MIGUEL HIDALGO","SANTO TOMAS",PUBLICO,"BACHILLERATO TECNOLOGICO",343,193,"  0.0","  3.1"," 59.6"," 37.3","  0.0","  0.0","  5.7"," 94.3"
"CECYT 10 CARLOS VALLEJO MARQUEZ",MATUTINO,AZCAPOTZALCO,"DEL GAS",PUBLICO,"BACHILLERATO TECNOLOGICO",668,496,"  8.5"," 30.7"," 57.0","  3.8","  4.8"," 31.9"," 37.2"," 26.1"
"CECYT 10 CARLOS VALLEJO MARQUEZ",VESPERTINO,AZCAPOTZALCO,"DEL GAS",PUBLICO,"BACHILLERATO TECNOLOGICO",441,212,"  9.4"," 28.6"," 58.9","  3.1"," 10.9"," 42.5"," 30.6"," 16.1"
"CECYT 11 WILFRIDO MASSIEU",VESPERTINO,CUAUHTEMOC,CENTRO,PUBLICO,"BACHILLERATO TECNOLOGICO",538,353,"  5.8"," 27.7"," 58.3","  8.2","  3.4"," 22.7"," 40.5"," 33.3"
"CECYT 14 LUIS ENRIQUE ERRO",MATUTINO,"VENUSTIANO CARRANZA",MICHOACANA,PUBLICO,"BACHILLERATO TECNOLOGICO",278,261,"  1.9"," 18.2"," 66.3"," 13.6","  2.3"," 29.7"," 43.4"," 24.6"
"CECYT 15 DIODORO ANTUNEZ ECHEGARAY",MATUTINO,"MILPA ALTA","PUEBLO SAN ANTONIO TECOMITL",PUBLICO,"BACHILLERATO TECNOLOGICO",289,241,"  0.8"," 16.2"," 76.8","  6.2","  3.8"," 28.5"," 41.7"," 26.0"
"CECYT 15 DIODORO ANTUNEZ ECHEGARAY",VESPERTINO,"MILPA ALTA","PUEBLO SAN ANTONIO TECOMITL",PUBLICO,"BACHILLERATO TECNOLOGICO",292,164,"  1.9"," 21.1"," 71.4","  5.6","  2.6"," 31.8"," 40.3"," 25.3"
"CET 17 WALTER CROSS BUCHANAN",VESPERTINO,"GUSTAVO A. MADERO","SAN JUAN DE ARAGON",PUBLICO,"BACHILLERATO TECNOLOGICO",278,208,"  6.4"," 33.5"," 56.2","  3.9","  0.0"," 24.8"," 41.6"," 33.7"
"CENTRO NACIONAL DE TALENTOS DEPORTIVOS Y ALTO RENDIMIENTO",MATUTINO,IZTACALCO,IZTACALCO,PUBLICO,"BACHILLERATO GENERAL",45,34," 15.6"," 28.1"," 50.0","  6.3"," 11.8"," 58.8"," 23.5","  5.9"
"THE AMERICAN SCHOOL FOUNDATION AC",MATUTINO,"ALVARO OBREGON","LAS AMERICAS",PRIVADO,"BACHILLERATO GENERAL",144,137,"  8.2"," 18.7"," 41.0"," 32.1","  2.2"," 14.1"," 30.4"," 53.3"
"UNIVERSIDAD PANAMERICANA -PREPARATORIA CAMPUS YAOCALLI",MATUTINO,TLALPAN,"MIGUEL HIDALGO",PRIVADO,"BACHILLERATO GENERAL",59,59,"  3.5","  8.8"," 56.1"," 31.6","  1.8"," 22.8"," 35.1"," 40.4"
"UNIVERSIDAD PANAMERICANA",MATUTINO,"ALVARO OBREGON",CHIMALISTAC,PRIVADO,"BACHILLERATO GENERAL",180,178,"  0.0","  5.1"," 43.5"," 51.4","  0.0","  2.2"," 10.1"," 87.6"
"COLEGIO FRANCES HIDALGO DE MEXICO",MATUTINO,"GUSTAVO A. MADERO","SANTA ISABEL TOLA",PRIVADO,"BACHILLERATO GENERAL",35,34,"  0.0","  5.9"," 73.5"," 20.6"," 14.7"," 23.5"," 41.2"," 20.6"
"PREPARATORIA ROTTERDAM",MATUTINO,COYOACAN,OXTOPULCO,PRIVADO,"BACHILLERATO GENERAL",28,27,"  3.7"," 22.2"," 59.3"," 14.8"," 22.2"," 29.6"," 33.3"," 14.8"
"INSTITUTO ESPERANZA",MATUTINO,"MIGUEL HIDALGO",TACUBA,PRIVADO,"BACHILLERATO GENERAL",18,18," 16.7"," 11.1"," 72.2","  0.0"," 16.7"," 44.4"," 22.2"," 16.7"
"COLEGIO WILLIAMS",MATUTINO,"BENITO JUAREZ","INSURGENTES MIXCOAC",PRIVADO,"BACHILLERATO GENERAL",35,33," 15.2"," 33.3"," 39.4"," 12.1","  9.1"," 48.5"," 21.2"," 21.2"
"COLEGIO CULTURA PREHISPANICA, S.C.",MATUTINO,IZTAPALAPA,IZTAPALAPA,PRIVADO,"BACHILLERATO GENERAL",6,6,"  0.0"," 50.0"," 16.7"," 33.3"," 16.7"," 33.3"," 16.7"," 33.3"
"CENTRO CULTURAL DE LA CIUDAD DE MEXICO",MATUTINO,CUAUHTEMOC,"SANTA MARIA LA RIBERA",PRIVADO,"BACHILLERATO GENERAL",14,12,"  0.0","  0.0"," 66.7"," 33.3","  0.0"," 41.7"," 33.3"," 25.0"
"INSTITUTO EDUCATIVO OLINCA",MATUTINO,COYOACAN,"PEDREGAL DE CARRASCO",PRIVADO,"BACHILLERATO GENERAL",59,56,"  1.8"," 14.3"," 62.5"," 21.4","  3.6"," 16.4"," 32.7"," 47.3"
"C.E. TOMAS MORO",MATUTINO,"CUAJIMALPA DE MORELOS","SAN JOSE DE LOS CEDROS",PRIVADO,"BACHILLERATO GENERAL",48,47,"  2.1"," 12.8"," 59.6"," 25.5","  0.0"," 17.0"," 36.2"," 46.8"
"CENTRO CULTURAL ANAHUAC S.C.",MATUTINO,IZTAPALAPA,"EL SIFON",PRIVADO,"BACHILLERATO GENERAL",39,35," 22.9"," 48.6"," 20.0","  8.6"," 20.0"," 62.9","  8.6","  8.6"
"INSTITUTO CANADIENSE CLARAC",MATUTINO,XOCHIMILCO,XOCHIMILCO,PRIVADO,"BACHILLERATO GENERAL",30,29," 10.7"," 42.9"," 39.3","  7.1"," 13.8"," 34.5"," 17.2"," 34.5"
"INSTITUTO FELIX DE JESUS ROUGIER",MATUTINO,"ALVARO OBREGON",FLORIDA,PRIVADO,"BACHILLERATO GENERAL",19,19,"  0.0"," 36.8"," 42.1"," 21.1","  5.3"," 42.1"," 21.1"," 31.6"
"BACHILLERATO C.C.H. COLEGIO MADRID",MATUTINO,TLALPAN,TLALPAN,PRIVADO,"BACHILLERATO GENERAL",103,89,"  8.2"," 18.8"," 52.9"," 20.0","  3.4"," 21.6"," 34.1"," 40.9"
"UNIVERSIDAD LATINA, S.C. (CAMPUS SUR)",MATUTINO,COYOACAN,COYOACAN,PRIVADO,"BACHILLERATO TECNOLOGICO",129,114," 36.2"," 40.0"," 22.9","  1.0"," 40.4"," 43.1"," 11.0","  5.5"
"EL ROSARIO",MATUTINO,AZCAPOTZALCO,"UNIDAD INFONAVIT EL ROSARIO",PUBLICO,"BACHILLERATO GENERAL",722,651," 13.2"," 43.4"," 41.7","  1.7"," 27.6"," 50.9"," 18.3","  3.3"
"EL ROSARIO",VESPERTINO,AZCAPOTZALCO,"UNIDAD INFONAVIT EL ROSARIO",PUBLICO,"BACHILLERATO GENERAL",535,443," 12.4"," 46.2"," 41.1","  0.2"," 34.8"," 49.1"," 13.6","  2.5"
"CIEN METROS ELISA ACU@A ROSSETTI",MATUTINO,"GUSTAVO A. MADERO","INDUSTRIAL VALLEJO",PUBLICO,"BACHILLERATO GENERAL",976,779," 10.5"," 35.4"," 51.1","  3.1"," 22.8"," 54.0"," 19.7","  3.5"
"CIEN METROS ELISA ACU@A ROSSETTI",VESPERTINO,"GUSTAVO A. MADERO","INDUSTRIAL VALLEJO",PUBLICO,"BACHILLERATO GENERAL",663,502," 15.6"," 42.1"," 41.9","  0.4"," 29.3"," 54.3"," 12.7","  3.6"
IZTACALCO,MATUTINO,IZTACALCO,"UNIDAD HABITACIONAL INFONAVIT",PUBLICO,"BACHILLERATO GENERAL",1089,950,"  8.3"," 33.2"," 55.2","  3.3"," 20.2"," 48.0"," 24.6","  7.2"
"CULHUACAN LAZARO CARDENAS",MATUTINO,COYOACAN,"UNIDAD HABITACIONAL SAN FRANCISCO C",PUBLICO,"BACHILLERATO GENERAL",823,662,"  5.8"," 29.9"," 60.3","  3.9"," 15.2"," 49.3"," 30.5","  5.0"
"CULHUACAN LAZARO CARDENAS",VESPERTINO,COYOACAN,"UNIDAD HABITACIONAL SAN FRANCISCO C",PUBLICO,"BACHILLERATO GENERAL",367,238,"  8.1"," 34.0"," 56.5","  1.4"," 25.3"," 54.5"," 14.2","  6.0"
"VICENTE GUERRERO",MATUTINO,IZTAPALAPA,"UNIDAD HABITACIONAL VICENTE GUERRER",PUBLICO,"BACHILLERATO GENERAL",1087,853,"  6.8"," 28.3"," 61.6","  3.4"," 23.6"," 48.5"," 23.0","  4.8"
"VICENTE GUERRERO",VESPERTINO,IZTAPALAPA,"UNIDAD HABITACIONAL VICENTE GUERRER",PUBLICO,"BACHILLERATO GENERAL",574,427,"  9.8"," 43.8"," 45.5","  1.0"," 39.1"," 52.2","  7.2","  1.4"
IZTAPALAPA,MATUTINO,IZTAPALAPA,"LEYES DE REFORMA",PUBLICO,"BACHILLERATO GENERAL",951,796," 22.7"," 42.3"," 33.8","  1.2"," 31.8"," 49.9"," 14.9","  3.3"
IZTAPALAPA,VESPERTINO,IZTAPALAPA,"LEYES DE REFORMA",PUBLICO,"BACHILLERATO GENERAL",467,324," 38.8"," 40.4"," 20.8","  0.0"," 51.7"," 40.2","  7.4","  0.6"
AEROPUERTO,MATUTINO,"VENUSTIANO CARRANZA","AVIACION CIVIL AMPLIACION",PUBLICO,"BACHILLERATO GENERAL",796,702," 21.5"," 40.6"," 36.7","  1.2"," 37.1"," 47.7"," 12.5","  2.6"
AEROPUERTO,VESPERTINO,"VENUSTIANO CARRANZA","AVIACION CIVIL AMPLIACION",PUBLICO,"BACHILLERATO GENERAL",460,346," 17.1"," 48.2"," 33.8","  0.9"," 46.7"," 47.0","  6.0","  0.3"
"XOCHIMILCO TEPEPAN QUIRINO MENDOZA CARDENAS",MATUTINO,XOCHIMILCO,"TEPEPAN AMPLIACION",PUBLICO,"BACHILLERATO GENERAL",634,508," 14.2"," 28.5"," 55.1","  2.3"," 17.4"," 46.6"," 28.4","  7.6"
"MILPA ALTA FIDENCIO VILLANUEVA ROJAS",MATUTINO,"MILPA ALTA","VILLA MILPA ALTA CENTRO",PUBLICO,"BACHILLERATO GENERAL",246,218,"  6.0"," 30.1"," 61.6","  2.3","  6.0"," 42.9"," 34.6"," 16.6"
CONTRERAS,MATUTINO,"LA MAGDALENA CONTRERAS","EL TORO",PUBLICO,"BACHILLERATO GENERAL",285,242,"  7.5"," 31.8"," 59.0","  1.7"," 16.3"," 52.3"," 27.6","  3.8"
CONTRERAS,VESPERTINO,"LA MAGDALENA CONTRERAS","EL TORO",PUBLICO,"BACHILLERATO GENERAL",192,151," 20.7"," 50.3"," 28.3","  0.7"," 27.5"," 56.4"," 16.1","  0.0"
"TLAHUAC MANUEL CHAVARRIA CHAVARRIA",MATUTINO,TLAHUAC,"SAN FRANCISCO TLALTENCO",PUBLICO,"BACHILLERATO GENERAL",513,451,"  9.8"," 35.3"," 52.2","  2.7"," 16.2"," 46.7"," 29.0","  8.1"
"HUAYAMIPAS PEDREGAL",MATUTINO,COYOACAN,"AJUSCO HUAYAMILPAS",PUBLICO,"BACHILLERATO GENERAL",272,213,"  5.9"," 35.1"," 55.1","  3.9"," 15.3"," 52.6"," 29.2","  2.9"
"CONALEP TICOMAN",MATUTINO,"GUSTAVO A. MADERO","GUSTAVO A. MADERO",PUBLICO,"TECNICO PROFESIONAL",205,173," 19.8"," 47.5"," 32.7","  0.0"," 31.2"," 46.2"," 19.7","  2.9"
"CONALEP XOCHIMILCO",MATUTINO,XOCHIMILCO,TEPEPAN,PUBLICO,"TECNICO PROFESIONAL",257,228," 21.8"," 48.0"," 28.4","  1.8"," 47.3"," 40.5","  8.6","  3.6"
"CONALEP VENUSTIANO CARRANZA I",VESPERTINO,"VENUSTIANO CARRANZA","ARTES GRAFICAS",PUBLICO,"TECNICO PROFESIONAL",217,179," 26.7"," 41.5"," 31.8","  0.0"," 54.5"," 39.3","  5.1","  1.1"
"CONALEP AEROPUERTO",MATUTINO,"VENUSTIANO CARRANZA","ARENAL 3A SECCION",PUBLICO,"TECNICO PROFESIONAL",262,214," 25.0"," 43.3"," 29.3","  2.4"," 25.9"," 49.1"," 22.6","  2.4"
"CONALEP CENTRO MEXICO CANADA",MATUTINO,AZCAPOTZALCO,"SAN PEDRO XALPA",PUBLICO,"TECNICO PROFESIONAL",190,176,"  5.9"," 41.2"," 50.0","  2.9"," 32.4"," 46.0"," 18.2","  3.4"
"CONALEP CENTRO MEXICO CANADA",VESPERTINO,AZCAPOTZALCO,"SAN PEDRO XALPA",PUBLICO,"TECNICO PROFESIONAL",151,139," 23.5"," 45.6"," 28.7","  2.2"," 50.0"," 39.1"," 10.9","  0.0"
"CONALEP COYOACAN",MATUTINO,COYOACAN,"UNIDAD HABITACIONAL SAN FRANCISCO C",PUBLICO,"TECNICO PROFESIONAL",407,303," 32.6"," 37.9"," 28.1","  1.4"," 51.0"," 45.2","  3.8","  0.0"
"CONALEP COYOACAN",VESPERTINO,COYOACAN,"UNIDAD HABITACIONAL SAN FRANCISCO C",PUBLICO,"TECNICO PROFESIONAL",276,233," 32.5"," 40.4"," 26.3","  0.9"," 57.1"," 40.2","  2.3","  0.5"
"CONALEP TLALPAN I",VESPERTINO,TLALPAN,"TORIELLO GUERRA",PUBLICO,"TECNICO PROFESIONAL",270,212," 11.8"," 41.0"," 45.6","  1.5"," 36.2"," 53.3"," 10.6","  0.0"
"CONALEP TLALPAN II",MATUTINO,TLALPAN,"MIGUEL HIDALGO AMPLIACION",PUBLICO,"TECNICO PROFESIONAL",203,169," 16.7"," 46.8"," 35.3","  1.3"," 39.2"," 50.6","  8.4","  1.8"
"CONALEP TLALPAN II",VESPERTINO,TLALPAN,"MIGUEL HIDALGO AMPLIACION",PUBLICO,"TECNICO PROFESIONAL",151,134,"  9.0"," 35.3"," 55.6","  0.0"," 39.1"," 51.9","  7.5","  1.5"
"CONALEP MILPA ALTA",VESPERTINO,"MILPA ALTA","SAN PABLO OZTOTEPEC",PUBLICO,"TECNICO PROFESIONAL",197,146," 36.4"," 43.6"," 20.0","  0.0"," 72.4"," 26.9","  0.7","  0.0"
"CONALEP IZTAPALAPA V",MATUTINO,IZTAPALAPA,"SANTA MARTHA ACATITLA",PUBLICO,"TECNICO PROFESIONAL",222,214," 25.0"," 43.8"," 31.3","  0.0"," 46.9"," 38.4"," 13.7","  0.9"
"CONALEP IZTAPALAPA V",VESPERTINO,IZTAPALAPA,"SANTA MARTHA ACATITLA",PUBLICO,"TECNICO PROFESIONAL",159,118," 32.5"," 39.5"," 28.1","  0.0"," 49.1"," 39.5","  9.6","  1.8"
"CONALEP MAGDALENA CONTRERAS",MATUTINO,"LA MAGDALENA CONTRERAS","SAN FRANCISCO",PUBLICO,"TECNICO PROFESIONAL",278,222," 26.9"," 44.8"," 27.4","  0.9"," 34.7"," 55.7","  8.7","  0.9"
"CONALEP MAGDALENA CONTRERAS",VESPERTINO,"LA MAGDALENA CONTRERAS","SAN FRANCISCO",PUBLICO,"TECNICO PROFESIONAL",169,130," 38.0"," 44.2"," 17.8","  0.0"," 47.7"," 43.8","  8.6","  0.0"
"CONALEP ALVARO OBREGON I",MATUTINO,"ALVARO OBREGON","LOMAS DE TARANGO",PUBLICO,"TECNICO PROFESIONAL",193,178," 45.0"," 36.1"," 18.3","  0.6"," 51.4"," 43.5","  5.1","  0.0"
"CONALEP ALVARO OBREGON I",VESPERTINO,"ALVARO OBREGON","LOMAS DE TARANGO",PUBLICO,"TECNICO PROFESIONAL",107,73," 45.7"," 37.1"," 15.7","  1.4"," 60.3"," 39.7","  0.0","  0.0"
"CONALEP ALVARO OBREGON II",MATUTINO,"ALVARO OBREGON","LAS AGUILAS",PUBLICO,"TECNICO PROFESIONAL",257,198,"  7.4"," 40.4"," 49.5","  2.7"," 28.7"," 52.8"," 13.8","  4.6"
"CONALEP ALVARO OBREGON II",VESPERTINO,"ALVARO OBREGON","LAS AGUILAS",PUBLICO,"TECNICO PROFESIONAL",183,154," 27.6"," 46.7"," 24.3","  1.3"," 49.7"," 38.8","  8.8","  2.7"
"CONALEP IZTAPALAPA IV",MATUTINO,IZTAPALAPA,"EL MOLINO  IZTAPALAPA",PUBLICO,"TECNICO PROFESIONAL",165,159," 10.8"," 46.5"," 40.8","  1.9"," 33.1"," 42.0"," 19.1","  5.7"
"CONALEP TLAHUAC",VESPERTINO,TLAHUAC,"SELENE AMPLIACION",PUBLICO,"TECNICO PROFESIONAL",262,211," 33.5"," 52.2"," 13.9","  0.5"," 48.6"," 38.1"," 11.9","  1.4"
"CONALEP GUSTAVO A. MADERO II",VESPERTINO,"GUSTAVO A. MADERO","NUEVA ATZACOALCO",PUBLICO,"TECNICO PROFESIONAL",182,152," 33.6"," 35.6"," 28.9","  2.0"," 46.4"," 37.7"," 11.3","  4.6"
"CENTRO DE ESTUDIOS DE BACHILLERATO 4/1 MOISES SAENZ GARZA",MATUTINO,"MIGUEL HIDALGO","MIGUEL HIDALGO",PUBLICO,"BACHILLERATO GENERAL",277,243,"  1.7"," 20.9"," 66.9"," 10.5","  5.4"," 38.6"," 35.7"," 20.3"
"CENTRO DE ESTUDIOS DE BACHILLERATO 4/1 MOISES SAENZ GARZA",VESPERTINO,"MIGUEL HIDALGO","MIGUEL HIDALGO",PUBLICO,"BACHILLERATO GENERAL",268,226,"  7.9"," 28.7"," 57.4","  6.0"," 11.8"," 45.7"," 35.7","  6.8"
"ESCUELA BANCARIA Y COMERCIAL",MATUTINO,CUAUHTEMOC,JUAREZ,PRIVADO,"BACHILLERATO GENERAL",144,139,"  9.6"," 22.8"," 59.6","  8.1"," 16.5"," 41.7"," 27.3"," 14.4"
"UIVERSIDAD DEL VALLE DE MEXICO, CAMPUS TLALPAN",MATUTINO,TLALPAN,TLALPAN,PRIVADO,"BACHILLERATO GENERAL",226,196," 28.4"," 36.1"," 32.0","  3.6"," 28.2"," 39.5"," 21.0"," 11.3"
"UNIVERSIDAD DEL VALLE DE MEXICO, CAMPUS ROMA",MATUTINO,CUAUHTEMOC,"ROMA NORTE",PRIVADO,"BACHILLERATO GENERAL",176,135," 35.7"," 34.9"," 29.5","  0.0"," 36.1"," 40.6"," 17.3","  6.0"
"COLEGIO ALEXANDER DUL",MATUTINO,"ALVARO OBREGON","MERCED GOMEZ",PRIVADO,"BACHILLERATO GENERAL",45,42," 57.9"," 26.3"," 15.8","  0.0"," 32.5"," 60.0","  5.0","  2.5"
"COLEGIO INTERNACIONAL TLALPAN",MATUTINO,TLALPAN,"SAN ANDRES TOTOLTEPEC",PRIVADO,"BACHILLERATO GENERAL",21,20,"  0.0"," 15.0"," 45.0"," 40.0"," 10.0"," 30.0"," 25.0"," 35.0"
"INSTITUTO DE BACHILLERATO NOBEL",MATUTINO,XOCHIMILCO,XALTOCAN,PRIVADO,"BACHILLERATO GENERAL",46,38,"  5.4"," 35.1"," 59.5","  0.0"," 26.3"," 44.7"," 18.4"," 10.5"
"UNIVERSIDAD DEL VALLE DE MEXICO, CAMPUS COYOACAN",MATUTINO,COYOACAN,COYOACAN,PRIVADO,"BACHILLERATO GENERAL",116,53," 57.8"," 28.9"," 13.3","  0.0"," 52.0"," 32.0"," 12.0","  4.0"
"UNIVERSIDAD INSURGENTES SAN ANGEL",MATUTINO,"ALVARO OBREGON","ALVARO OBREGON",PRIVADO,"BACHILLERATO GENERAL",27,25," 60.0"," 28.0"," 12.0","  0.0"," 66.7"," 33.3","  0.0","  0.0"
"ESCUELA SECUNDARIA Y PREPARATORIA JUSTO SIERRA, PLANTEL ARAGON",MATUTINO,"GUSTAVO A. MADERO","GRANJAS MODERNAS",PRIVADO,"BACHILLERATO GENERAL",211,192," 15.5"," 29.4"," 48.7","  6.4"," 35.4"," 38.0"," 19.8","  6.8"
"PREPARATORIA UNIVERSIDAD IBEROAMERICANA CIUDAD DE MEXICO",MATUTINO,"ALVARO OBREGON","LOMAS DE SANTA FE",PRIVADO,"BACHILLERATO GENERAL",144,143,"  2.9"," 12.2"," 58.3"," 26.6","  3.5"," 15.5"," 47.9"," 33.1"
"UNIVERSIDAD ANAHUAC BACHILLERATO CUMBRES LOMAS",MATUTINO,"MIGUEL HIDALGO","MIGUEL HIDALGO",PRIVADO,"BACHILLERATO GENERAL",24,23,"  0.0"," 17.4"," 78.3","  4.3","  4.3"," 30.4"," 39.1"," 26.1"
"CENTRO DE ESTUDIOS TECNOLOGICOS INDUSTRIAL Y DE SERVICIOS NO 1",MATUTINO,TLAHUAC,SELENE,PUBLICO,"BACHILLERATO TECNOLOGICO",537,471,"  6.7"," 34.9"," 53.0","  5.4","  7.0"," 38.9"," 35.5"," 18.7"
"CENTRO DE ESTUDIOS TECNOLOGICOS INDUSTRIAL Y DE SERVICIOS NO 1",VESPERTINO,TLAHUAC,SELENE,PUBLICO,"BACHILLERATO TECNOLOGICO",340,313," 15.5"," 37.4"," 43.9","  3.2"," 20.2"," 44.2"," 26.0","  9.6"
"CENTRO DE ESTUDIOS TECNOLOGICOS INDUSTRIAL Y DE SERVICIOS NO. 004",MATUTINO,AZCAPOTZALCO,"JARDIN AZPEITIA",PUBLICO,"BACHILLERATO TECNOLOGICO",284,259," 13.4"," 42.5"," 42.5","  1.6"," 16.1"," 43.9"," 30.2","  9.8"
"CENTRO DE ESTUDIOS TECNOLOGICOS INDUSTRIAL Y DE SERVICIOS NO. 30",MATUTINO,"GUSTAVO A. MADERO","SAN PEDRO ZACATENCO",PUBLICO,"BACHILLERATO TECNOLOGICO",341,318," 12.4"," 36.8"," 48.9","  1.9","  8.3"," 35.6"," 39.0"," 17.1"
"CENTRO DE ESTUDIOS TECNOLOGICOS INDUSTRIAL Y DE SERVICIOS NO. 32",MATUTINO,"VENUSTIANO CARRANZA","ADOLFO LOPEZ MATEOS",PUBLICO,"BACHILLERATO TECNOLOGICO",344,319," 13.4"," 35.0"," 48.1","  3.5"," 24.1"," 44.9"," 24.7","  6.3"
"CENTRO DE ESTUDIOS TECNOLOGICOS INDUSTRIAL Y DE SERVICIOS NO. 039",MATUTINO,XOCHIMILCO,"TEPEPAN AMPLIACION",PUBLICO,"BACHILLERATO TECNOLOGICO",346,325,"  7.2"," 37.4"," 52.6","  2.8"," 25.5"," 45.3"," 23.3","  5.9"
"CENTRO DE ESTUDIOS TECNOLOGICOS INDUSTRIAL Y DE SERVICIOS NUMERO 052",MATUTINO,"ALVARO OBREGON","SAN BARTOLO AMEYALCO",PUBLICO,"BACHILLERATO TECNOLOGICO",269,242," 12.1"," 43.8"," 40.0","  4.2"," 32.3"," 44.4"," 21.6","  1.7"
"CENTRO DE ESTUDIOS TECNOLOGICOS INDUSTRIAL Y DE SERVICIOS NUMERO 052",VESPERTINO,"ALVARO OBREGON","SAN BARTOLO AMEYALCO",PUBLICO,"BACHILLERATO TECNOLOGICO",151,132," 37.6"," 37.6"," 24.8","  0.0"," 53.2"," 40.5","  6.3","  0.0"
"CENTRO DE ESTUDIOS TECNOLOGICOS INDUSTRIAL Y DE SERVICIOS NUM.053",MATUTINO,IZTAPALAPA,IZTAPALAPA,PUBLICO,"BACHILLERATO TECNOLOGICO",207,191," 12.6"," 43.5"," 41.9","  2.1"," 12.1"," 27.9"," 42.6"," 17.4"
"CENTRO DE ESTUDIOS TECNOLOGICOS INDUSTRIAL Y DE SERVICIOS NUM.053",VESPERTINO,IZTAPALAPA,IZTAPALAPA,PUBLICO,"BACHILLERATO TECNOLOGICO",184,175," 16.6"," 44.0"," 36.0","  3.4"," 20.7"," 44.3"," 23.6"," 11.5"
"CENTRO DE ESTUDIOS TECNOLOGICOS INDUSTRIAL Y DE SERVICIOS NO. 54",MATUTINO,"GUSTAVO A. MADERO","GUSTAVO A. MADERO",PUBLICO,"BACHILLERATO TECNOLOGICO",369,333,"  9.4"," 35.6"," 53.4","  1.6"," 17.4"," 50.0"," 27.1","  5.5"
"CENTRO DE ESTUDIOS TECNOLOGICOS INDUSTRIAL Y DE SERVICIOS NUM.056",MATUTINO,"GUSTAVO A. MADERO","GUSTAVO A. MADERO",PUBLICO,"BACHILLERATO TECNOLOGICO",341,303," 14.8"," 44.4"," 38.7","  2.0"," 22.3"," 46.8"," 26.2","  4.7"
"CENTRO DE ESTUDIOS TECNOLOGICOS INDUSTRIAL Y DE SERVICIOS NUM.056",VESPERTINO,"GUSTAVO A. MADERO","GUSTAVO A. MADERO",PUBLICO,"BACHILLERATO TECNOLOGICO",202,178," 20.1"," 42.0"," 36.2","  1.7"," 39.2"," 39.2"," 16.5","  5.1"
"CENTRO DE ESTUDIOS TECNOLOGICOS INDUSTRIAL Y DE SERVICIOS NO. 166",MATUTINO,"GUSTAVO A. MADERO","GUSTAVO A. MADERO",PUBLICO,"BACHILLERATO TECNOLOGICO",225,198," 10.6"," 23.2"," 62.1","  4.0","  6.6"," 36.4"," 38.9"," 18.2"
"CETIS 9",MATUTINO,CUAUHTEMOC,CUAUHTEMOC,PUBLICO,"BACHILLERATO TECNOLOGICO",217,193,"  5.2"," 27.6"," 56.8"," 10.4"," 16.8"," 46.1"," 23.0"," 14.1"
"CENTRO DE ESTUDIOS TECNOLOGICOS INDUSTRIAL Y DE SERVICIOS NUM. 003",VESPERTINO,CUAUHTEMOC,CUAUHTEMOC,PUBLICO,"BACHILLERATO TECNOLOGICO",184,162," 15.0"," 43.1"," 41.9","  0.0"," 13.7"," 38.5"," 46.0","  1.9"
"CENTRO DE ESTUDIOS TECNOLOGICOS INDUSTRIAL Y DE SERVICIOS 011",MATUTINO,CUAUHTEMOC,JUAREZ,PUBLICO,"BACHILLERATO TECNOLOGICO",136,128,"  4.8"," 20.0"," 71.2","  4.0","  5.6"," 39.2"," 43.2"," 12.0"
"CENTRO DE ESTUDIOS TECNOLOGICOS INDUSTRIAL Y DE SERVICIOS 011",VESPERTINO,CUAUHTEMOC,JUAREZ,PUBLICO,"BACHILLERATO TECNOLOGICO",84,69," 11.8"," 27.9"," 50.0"," 10.3"," 10.3"," 35.3"," 38.2"," 16.2"
"CENTRO DE ESTUDIOS TECNOLOGICOS INDUSTRIAL Y DE SERVICIOS NO. 2",VESPERTINO,COYOACAN,"DEL CARMEN",PUBLICO,"BACHILLERATO TECNOLOGICO",230,209," 11.3"," 32.0"," 54.6","  2.1"," 18.5"," 48.8"," 25.4","  7.3"
"CETIS 167",MATUTINO,"MILPA ALTA","PUEBLO SAN SALVADOR CUAUHTENCO",PUBLICO,"BACHILLERATO TECNOLOGICO",304,275,"  8.8"," 32.2"," 54.6","  4.4"," 18.4"," 43.4"," 27.6"," 10.7"
"CENTRO DE ESTUDIOS TECNOLOGICOS INDUSTRIAL Y DE SERVICIOS NO. 49",VESPERTINO,XOCHIMILCO,XOCHIMILCO,PUBLICO,"BACHILLERATO TECNOLOGICO",163,157," 10.5"," 41.8"," 45.1","  2.6"," 32.1"," 45.5"," 18.6","  3.8"
"CENTRO DE ESTUDIOS TECNOLOGICOS INDUTRIAL Y DE SERVICIOS NUM. 008",VESPERTINO,"MIGUEL HIDALGO","ANAHUAC I",PUBLICO,"BACHILLERATO TECNOLOGICO",63,52," 40.4"," 40.4"," 19.1","  0.0"," 23.5"," 49.0"," 13.7"," 13.7"
"INSTITUTO FUNDACION AZTECA",MATUTINO,"GUSTAVO A. MADERO","SANTA ISABEL TOLA",PRIVADO,"BACHILLERATO TECNOLOGICO",118,116,"  0.9","  4.5"," 64.9"," 29.7","  0.0","  3.5"," 23.9"," 72.6"
"COLEGIO SENDA 2000 FLEMING PLANTEL SAN ANGEL",MATUTINO,"ALVARO OBREGON","SAN ANGEL INN",PRIVADO,"BACHILLERATO TECNOLOGICO",88,67," 24.2"," 56.5"," 17.7","  1.6"," 59.7"," 32.3","  8.1","  0.0"
"INSTITUTO FLEMING PLANTEL TAXQUEÑA",MATUTINO,COYOACAN,"CAMPESTRE CHURUBUSCO",PRIVADO,"BACHILLERATO TECNOLOGICO",40,25," 33.3"," 58.3","  8.3","  0.0"," 44.0"," 56.0","  0.0","  0.0"
"INSTITUTO FLEMING PLANTEL ZARAGOZA",MATUTINO,"VENUSTIANO CARRANZA",PUEBLA,PRIVADO,"BACHILLERATO TECNOLOGICO",44,32," 31.0"," 44.8"," 24.1","  0.0"," 63.3"," 26.7"," 10.0","  0.0"
"UNIVERSIDAD ICEL BACHILLERATO, CAMPUS ZONA ROSA",MATUTINO,CUAUHTEMOC,JUAREZ,PRIVADO,"BACHILLERATO TECNOLOGICO",21,18," 23.5"," 52.9"," 23.5","  0.0"," 33.3"," 55.6"," 11.1","  0.0"
"INSTITUTO TECNOLOGICO ROOSEVEL,PLANTEL VILLA",MATUTINO,"GUSTAVO A. MADERO",INDUSTRIAL,PRIVADO,"BACHILLERATO TECNOLOGICO",185,132," 25.2"," 44.5"," 26.9","  3.4"," 57.3"," 36.3","  6.5","  0.0"
"CENTRO UNIVERSITARIO EN PERIODISMO Y PUBLICIDAD, DIVISION BACHILLERATO",MATUTINO,CUAUHTEMOC,JUAREZ,PRIVADO,"BACHILLERATO TECNOLOGICO",37,28," 48.0"," 32.0"," 16.0","  4.0"," 64.3"," 32.1","  3.6","  0.0"
"INSTITUTO TECNOLOGICO AMERICA LATINA",MATUTINO,"BENITO JUAREZ","BENITO JUAREZ",PRIVADO,"BACHILLERATO TECNOLOGICO",26,25," 29.2"," 41.7"," 29.2","  0.0"," 45.8"," 41.7"," 12.5","  0.0"
"INSTITUTO MEXICANO DE EDUCACION PROFESIONAL",MATUTINO,IZTAPALAPA,"SANTA MARTHA ACATITLA",PRIVADO,"BACHILLERATO TECNOLOGICO",35,23," 54.5"," 27.3"," 13.6","  4.5"," 65.2"," 26.1","  4.3","  4.3"
"BACHILLERATO EN COMUNICACION JRF",MATUTINO,TLALPAN,TLALPAN,PRIVADO,"BACHILLERATO TECNOLOGICO",24,23," 13.6"," 18.2"," 45.5"," 22.7"," 21.7"," 34.8"," 21.7"," 21.7"
"ESCUELA PODOLOGICA DE MEXICO",MATUTINO,"MIGUEL HIDALGO",POPOTLA,PRIVADO,"TECNICO PROFESIONAL",11,9," 12.5"," 62.5"," 25.0","  0.0"," 44.4"," 44.4"," 11.1","  0.0"
"ESCUELA PALMER DE MASAJE INTEGRAL Y CIENCIAS QUIROFISICAS",MATUTINO,CUAUHTEMOC,"ROMA NORTE",PRIVADO,"TECNICO PROFESIONAL",6,4,"  0.0"," 75.0"," 25.0","  0.0","  0.0"," 75.0","  0.0"," 25.0"
"INSTITUTO BONAMPAK",VESPERTINO,TLALPAN,TLALPAN,PRIVADO,"BACHILLERATO TECNOLOGICO",30,28," 11.5"," 34.6"," 53.8","  0.0"," 33.3"," 29.6"," 14.8"," 22.2"
"CECYT 1 GONZALO VAZQUEZ VELA",MATUTINO,"GUSTAVO A. MADERO","SAN JUAN DE ARAGON EJIDO",PUBLICO,"BACHILLERATO TECNOLOGICO",565,319,"  3.3"," 21.5"," 65.1"," 10.1","  1.0"," 14.3"," 36.0"," 48.7"
"CECYT 1 GONZALO VAZQUEZ VELA",VESPERTINO,"GUSTAVO A. MADERO","SAN JUAN DE ARAGON EJIDO",PUBLICO,"BACHILLERATO TECNOLOGICO",407,172,"  3.1"," 24.2"," 65.8","  6.8","  0.6"," 13.8"," 33.5"," 52.1"
"CECYT 2 MIGUEL BERNARD",MATUTINO,"MIGUEL HIDALGO","LOMAS DE SOTELO",PUBLICO,"BACHILLERATO TECNOLOGICO",669,496,"  5.7"," 21.4"," 62.8"," 10.1","  1.9"," 17.4"," 38.2"," 42.6"
"CECYT 2 MIGUEL BERNARD",VESPERTINO,"MIGUEL HIDALGO","LOMAS DE SOTELO",PUBLICO,"BACHILLERATO TECNOLOGICO",560,366,"  8.7"," 30.4"," 57.3","  3.6","  3.2"," 26.1"," 41.1"," 29.6"
"CECYT 4 LAZARO CARDENAS",MATUTINO,"ALVARO OBREGON","BELEN DE LAS FLORES",PUBLICO,"BACHILLERATO TECNOLOGICO",645,478,"  9.8"," 32.4"," 54.0","  3.7","  6.3"," 30.3"," 33.3"," 30.1"
"CECYT 4 LAZARO CARDENAS",VESPERTINO,"ALVARO OBREGON","BELEN DE LAS FLORES",PUBLICO,"BACHILLERATO TECNOLOGICO",529,304," 14.6"," 32.7"," 46.6","  6.1","  6.4"," 34.9"," 30.2"," 28.5"
"CECYT 5 BENITO JUAREZ",VESPERTINO,IZTAPALAPA,"SANTA MARIA AZTAHUACAN",PUBLICO,"BACHILLERATO TECNOLOGICO",374,224,"  8.3"," 21.2"," 64.8","  5.7","  9.5"," 27.1"," 36.7"," 26.7"
"CECYT 6 MIGUEL OTHON DE MENDIZABAL",MATUTINO,AZCAPOTZALCO,"JARDIN AZPEITIA",PUBLICO,"BACHILLERATO TECNOLOGICO",560,503,"  0.4","  5.7"," 67.1"," 26.8","  0.8","  7.0"," 24.8"," 67.5"
"CECYT 7 CUAUHTEMOC",MATUTINO,"GUSTAVO A. MADERO","SAN JUAN DE ARAGON",PUBLICO,"BACHILLERATO TECNOLOGICO",732,548,"  3.0"," 20.3"," 65.9"," 10.9","  1.5"," 17.4"," 33.8"," 47.3"
"CECYT 8 NARCISO BASSOLS",VESPERTINO,"MIGUEL HIDALGO",POPOTLA,PUBLICO,"BACHILLERATO TECNOLOGICO",500,306,"  9.8"," 24.7"," 58.8","  6.8","  2.0"," 21.1"," 41.8"," 35.1"
"CECYT 11 WILFRIDO MASSIEU",MATUTINO,CUAUHTEMOC,CENTRO,PUBLICO,"BACHILLERATO TECNOLOGICO",796,615,"  3.3"," 19.1"," 68.7","  8.9","  1.3"," 17.2"," 36.1"," 45.4"
"CECYT 12 JOSE MARIA MORELOS",MATUTINO,CUAUHTEMOC,"SANTA MARIA INSURGENTES",PUBLICO,"BACHILLERATO TECNOLOGICO",624,490,"  3.1"," 26.5"," 65.0","  5.4","  4.1"," 39.0"," 39.8"," 17.0"
"CECYT 12 JOSE MARIA MORELOS",VESPERTINO,CUAUHTEMOC,"SANTA MARIA INSURGENTES",PUBLICO,"BACHILLERATO TECNOLOGICO",427,289,"  3.6"," 21.5"," 70.3","  4.7","  5.0"," 38.7"," 38.4"," 17.9"
"CECYT 13 RICARDO FLORES MAGON",MATUTINO,COYOACAN,"PASEOS DE TAXQUEÑA",PUBLICO,"BACHILLERATO TECNOLOGICO",753,652,"  0.9","  5.3"," 71.9"," 21.9","  0.9"," 12.0"," 38.3"," 48.8"
"CECYT 13 RICARDO FLORES MAGON",VESPERTINO,COYOACAN,"PASEOS DE TAXQUEÑA",PUBLICO,"BACHILLERATO TECNOLOGICO",487,270,"  2.0"," 18.3"," 69.4"," 10.3","  5.0"," 24.4"," 35.5"," 35.1"
"CECYT 14 LUIS ENRIQUE ERRO",VESPERTINO,"VENUSTIANO CARRANZA",MICHOACANA,PUBLICO,"BACHILLERATO TECNOLOGICO",310,163,"  1.9"," 27.9"," 64.9","  5.2","  7.4"," 41.2"," 34.5"," 16.9"
"CET 17 WALTER CROSS BUCHANAN",MATUTINO,"GUSTAVO A. MADERO","SAN JUAN DE ARAGON",PUBLICO,"BACHILLERATO TECNOLOGICO",518,359," 10.3"," 24.8"," 60.1","  4.8","  5.4"," 28.4"," 27.8"," 38.4"
"COLEGIO VISTA HERMOSA",MATUTINO,"CUAJIMALPA DE MORELOS","LOMAS DE VISTA HERMOSA",PRIVADO,"BACHILLERATO GENERAL",150,150,"  2.7"," 14.1"," 59.1"," 24.2","  1.4"," 21.6"," 34.5"," 42.6"
"TECNOLOGICO DE MONTERREY, CAMPUS CIUDAD DE MEXICO",MATUTINO,TLALPAN,"EJIDOS DE HUIPULCO",PRIVADO,"BACHILLERATO GENERAL",616,609,"  0.2","  1.5"," 44.2"," 54.1","  0.2","  1.8"," 17.3"," 80.8"
"CLAUDINA THEVENET",MATUTINO,"ALVARO OBREGON",COVE,PRIVADO,"BACHILLERATO GENERAL",33,31,"  0.0"," 36.7"," 53.3"," 10.0"," 13.3"," 56.7"," 23.3","  6.7"
"ITESM CAMPUS SANTA FE",MATUTINO,"ALVARO OBREGON","ALVARO OBREGON",PRIVADO,"BACHILLERATO GENERAL",289,284,"  2.8"," 15.5"," 54.1"," 27.6","  1.4","  8.5"," 37.0"," 53.2"
"CETIS 033",MATUTINO,AZCAPOTZALCO,"PRADOS DEL ROSARIO",PUBLICO,"BACHILLERATO TECNOLOGICO",421,380," 12.6"," 39.8"," 46.0","  1.6"," 20.0"," 48.3"," 28.3","  3.5"
PREPARATE,MATUTINO,"GUSTAVO A. MADERO","GUSTAVO A. MADERO",PUBLICO,"BACHILLERATO GENERAL",16,9," 22.2"," 22.2"," 55.6","  0.0"," 33.3"," 33.3"," 33.3","  0.0"
"CENTRO DE ESTUDIOS TECNOLOGICOS INDUSTRIAL Y DE SERVICIOS NUM.031",MATUTINO,IZTACALCO,IZTACALCO,PUBLICO,"BACHILLERATO TECNOLOGICO",505,241,"  6.7"," 35.0"," 55.4","  2.9","  7.9"," 35.8"," 37.5"," 18.8"
"CENTRO DE ESTUDIOS TECNOLOGICOS INDUSTRIAL Y DE SERVICIOS NUM.031",VESPERTINO,IZTACALCO,IZTACALCO,PUBLICO,"BACHILLERATO TECNOLOGICO",427,280," 13.6"," 43.6"," 41.4","  1.5"," 23.1"," 48.0"," 24.9","  4.0"
"BACHILLERATO DE LA UNIVERSIDAD DE LA REPUBLICA MEXICANA",MATUTINO,IZTAPALAPA,"EL VERGEL",PRIVADO,"BACHILLERATO GENERAL",248,193," 47.1"," 39.2"," 13.2","  0.5"," 48.1"," 35.8"," 13.4","  2.7"
"UNIVERSIDAD ANAHUAC, BACHILLERATO CEYCA",MATUTINO,TLALPAN,"SAN PEDRO MARTIR",PRIVADO,"BACHILLERATO GENERAL",143,56,"  5.4"," 12.5"," 69.6"," 12.5","  7.1"," 26.8"," 25.0"," 41.1"
"UNIVERSIDAD ANAHUAC, BACHILLERATO CEYCA",VESPERTINO,TLALPAN,"SAN PEDRO MARTIR",PRIVADO,"BACHILLERATO GENERAL",25,24,"  0.0"," 16.7"," 50.0"," 33.3"," 25.0"," 20.8"," 41.7"," 12.5"
"UNIVERSIDAD TECNOLOGICA DE MEXICO",MATUTINO,IZTAPALAPA,"GRANJAS ESMERALDA",PRIVADO,"BACHILLERATO GENERAL",438,135," 17.3"," 34.6"," 44.4","  3.8"," 27.8"," 31.6"," 28.6"," 12.0"
"UNIVERSIDAD LATINA",MATUTINO,CUAUHTEMOC,"ROMA NORTE",PRIVADO,"BACHILLERATO GENERAL",74,70," 32.8"," 48.4"," 17.2","  1.6"," 43.3"," 38.8"," 14.9","  3.0"
